"Date","Opponent","GF","GA","W","L","OL","Streak","Result","HomeAway"
2005-10-05,"Columbus Blue Jackets",3,2,1,0,0,"W 1","W","H"
2005-10-07,"Atlanta Thrashers",3,7,1,1,0,"L 1","L","H"
2005-10-08,"Atlanta Thrashers",1,8,1,2,0,"L 2","L","A"
2005-10-10,"New York Rangers",3,2,2,2,0,"W 1","W","H"
2005-10-12,"Carolina Hurricanes",2,7,2,3,0,"L 1","L","A"
2005-10-13,"New York Islanders",3,5,2,4,0,"L 2","L","H"
2005-10-16,"Tampa Bay Lightning",3,2,3,4,0,"W 1","SOW","H"
2005-10-20,"Florida Panthers",2,3,3,5,0,"L 1","L","A"
2005-10-22,"Carolina Hurricanes",0,4,3,6,0,"L 2","L","H"
2005-10-26,"Buffalo Sabres",3,2,4,6,0,"W 1","W","A"
2005-10-28,"Tampa Bay Lightning",2,4,4,7,0,"L 1","L","A"
2005-11-03,"Philadelphia Flyers",1,8,4,8,0,"L 2","L","A"
2005-11-04,"Atlanta Thrashers",3,2,5,8,0,"W 1","SOW","H"
2005-11-06,"Toronto Maple Leafs",5,4,6,8,0,"W 2","W","H"
2005-11-08,"Toronto Maple Leafs",4,6,6,9,0,"L 1","L","A"
2005-11-11,"New Jersey Devils",3,4,6,10,0,"L 2","L","H"
2005-11-12,"New Jersey Devils",2,3,6,11,0,"L 3","L","A"
2005-11-15,"Tampa Bay Lightning",4,3,7,11,0,"W 1","SOW","H"
2005-11-17,"Buffalo Sabres",5,8,7,12,0,"L 1","L","A"
2005-11-19,"Montreal Canadiens",5,1,8,12,0,"W 1","W","A"
2005-11-22,"Pittsburgh Penguins",4,5,8,13,0,"L 1","L","A"
2005-11-23,"Tampa Bay Lightning",3,4,8,13,1,"L 2","SOL","H"
2005-11-26,"New York Rangers",2,3,8,13,2,"L 3","SOL","A"
2005-11-27,"Buffalo Sabres",2,3,8,14,2,"L 4","L","H"
2005-12-01,"Florida Panthers",2,3,8,15,2,"L 5","L","A"
2005-12-03,"New York Rangers",5,1,9,15,2,"W 1","W","H"
2005-12-07,"Nashville Predators",2,5,9,16,2,"L 1","L","H"
2005-12-09,"Detroit Red Wings",3,4,9,17,2,"L 2","L","H"
2005-12-14,"Los Angeles Kings",3,2,10,17,2,"W 1","W","A"
2005-12-16,"San Jose Sharks",1,4,10,18,2,"L 1","L","A"
2005-12-18,"Florida Panthers",2,3,10,19,2,"L 2","L","H"
2005-12-22,"Atlanta Thrashers",6,5,11,19,2,"W 1","SOW","A"
2005-12-23,"Montreal Canadiens",4,2,12,19,2,"W 2","W","H"
2005-12-27,"Boston Bruins",3,4,12,19,3,"L 1","OTL","H"
2005-12-28,"New Jersey Devils",2,7,12,20,3,"L 2","L","A"
2005-12-31,"Philadelphia Flyers",4,3,13,20,3,"W 1","SOW","H"
2006-01-01,"Atlanta Thrashers",2,5,13,21,3,"L 1","L","H"
2006-01-04,"Ottawa Senators",1,3,13,22,3,"L 2","L","H"
2006-01-06,"Philadelphia Flyers",1,3,13,23,3,"L 3","L","H"
2006-01-08,"Florida Panthers",3,4,13,23,4,"L 4","SOL","H"
2006-01-10,"Chicago Blackhawks",3,4,13,23,5,"L 5","OTL","H"
2006-01-12,"Dallas Stars",1,4,13,24,5,"L 6","L","A"
2006-01-13,"Mighty Ducks of Anaheim",3,2,14,24,5,"W 1","OTW","A"
2006-01-16,"Phoenix Coyotes",6,1,15,24,5,"W 2","W","A"
2006-01-19,"St. Louis Blues",5,4,16,24,5,"W 3","SOW","H"
2006-01-21,"Carolina Hurricanes",5,2,17,24,5,"W 4","W","H"
2006-01-23,"Boston Bruins",2,3,17,25,5,"L 1","L","H"
2006-01-25,"Pittsburgh Penguins",1,8,17,26,5,"L 2","L","A"
2006-01-26,"Boston Bruins",2,3,17,27,5,"L 3","L","A"
2006-01-29,"Tampa Bay Lightning",2,1,18,27,5,"W 1","W","H"
2006-01-31,"New York Islanders",3,5,18,28,5,"L 1","L","A"
2006-02-03,"Toronto Maple Leafs",4,1,19,28,5,"W 1","W","H"
2006-02-04,"Tampa Bay Lightning",0,5,19,29,5,"L 1","L","A"
2006-02-07,"Florida Panthers",0,5,19,30,5,"L 2","L","H"
2006-02-10,"Philadelphia Flyers",4,5,19,31,5,"L 3","L","A"
2006-02-11,"Pittsburgh Penguins",3,6,19,32,5,"L 4","L","H"
2006-02-28,"Toronto Maple Leafs",5,3,20,32,5,"W 1","W","A"
2006-03-02,"Ottawa Senators",1,7,20,33,5,"L 1","L","A"
2006-03-04,"Atlanta Thrashers",2,3,20,33,6,"L 2","OTL","A"
2006-03-06,"New York Islanders",5,2,21,33,6,"W 1","W","H"
2006-03-08,"Pittsburgh Penguins",6,3,22,33,6,"W 2","W","H"
2006-03-10,"New Jersey Devils",3,4,22,33,7,"L 1","SOL","H"
2006-03-12,"Ottawa Senators",2,5,22,34,7,"L 2","L","H"
2006-03-14,"Buffalo Sabres",4,6,22,35,7,"L 3","L","H"
2006-03-16,"New York Rangers",4,5,22,36,7,"L 4","L","A"
2006-03-18,"Florida Panthers",3,4,22,36,8,"L 5","SOL","H"
2006-03-20,"Montreal Canadiens",2,4,22,37,8,"L 6","L","H"
2006-03-22,"Florida Panthers",2,3,22,38,8,"L 7","L","A"
2006-03-23,"Tampa Bay Lightning",3,4,22,38,9,"L 8","OTL","A"
2006-03-25,"Carolina Hurricanes",3,1,23,38,9,"W 1","W","A"
2006-03-29,"Carolina Hurricanes",5,1,24,38,9,"W 2","W","A"
2006-03-30,"Montreal Canadiens",2,3,24,38,10,"L 1","OTL","A"
2006-04-01,"Ottawa Senators",1,0,25,38,10,"W 1","W","A"
2006-04-03,"Carolina Hurricanes",5,6,25,38,11,"L 1","OTL","A"
2006-04-05,"Carolina Hurricanes",3,4,25,38,12,"L 2","SOL","H"
2006-04-07,"Carolina Hurricanes",3,4,25,39,12,"L 3","L","H"
2006-04-08,"New York Islanders",0,5,25,40,12,"L 4","L","A"
2006-04-10,"Boston Bruins",2,1,26,40,12,"W 1","OTW","A"
2006-04-13,"Atlanta Thrashers",3,5,26,41,12,"L 1","L","A"
2006-04-15,"Florida Panthers",2,1,27,41,12,"W 1","SOW","A"
2006-04-17,"Atlanta Thrashers",6,4,28,41,12,"W 2","W","H"
2006-04-18,"Tampa Bay Lightning",4,1,29,41,12,"W 3","W","A"
2006-10-05,"New York Rangers",2,5,0,1,0,"L 1","L","A"
2006-10-07,"Carolina Hurricanes",5,2,1,1,0,"W 1","W","H"
2006-10-12,"Minnesota Wild",2,3,1,1,1,"L 1","SOL","A"
2006-10-14,"Atlanta Thrashers",3,4,1,1,2,"L 2","OTL","H"
2006-10-18,"Florida Panthers",5,2,2,1,2,"W 1","W","H"
2006-10-19,"Atlanta Thrashers",3,4,2,1,3,"L 1","SOL","A"
2006-10-21,"Tampa Bay Lightning",4,6,2,2,3,"L 2","L","H"
2006-10-25,"Colorado Avalanche",5,3,3,2,3,"W 1","W","A"
2006-10-27,"Vancouver Canucks",2,3,3,2,4,"L 1","SOL","A"
2006-10-28,"Edmonton Oilers",0,4,3,3,4,"L 2","L","A"
2006-10-30,"Calgary Flames",4,2,4,3,4,"W 1","W","A"
2006-11-03,"Atlanta Thrashers",3,4,4,4,4,"L 1","L","H"
2006-11-04,"Philadelphia Flyers",5,3,5,4,4,"W 1","W","A"
2006-11-06,"Ottawa Senators",4,3,6,4,4,"W 2","OTW","H"
2006-11-09,"Carolina Hurricanes",0,5,6,5,4,"L 1","L","A"
2006-11-11,"New York Rangers",3,1,7,5,4,"W 1","W","H"
2006-11-13,"Florida Panthers",4,1,8,5,4,"W 2","W","A"
2006-11-15,"Boston Bruins",2,3,8,5,5,"L 1","SOL","H"
2006-11-17,"Carolina Hurricanes",1,4,8,6,5,"L 2","L","H"
2006-11-18,"Boston Bruins",2,3,8,6,6,"L 3","OTL","A"
2006-11-22,"Atlanta Thrashers",2,4,8,7,6,"L 4","L","H"
2006-11-24,"Toronto Maple Leafs",1,7,8,8,6,"L 5","L","H"
2006-11-25,"New York Islanders",1,4,8,9,6,"L 6","L","A"
2006-11-28,"Tampa Bay Lightning",5,2,9,9,6,"W 1","W","A"
2006-11-30,"Dallas Stars",4,3,10,9,6,"W 2","W","H"
2006-12-02,"Buffalo Sabres",7,4,11,9,6,"W 3","W","H"
2006-12-06,"Ottawa Senators",6,2,12,9,6,"W 4","W","H"
2006-12-08,"Anaheim Ducks",1,6,12,10,6,"L 1","L","H"
2006-12-09,"Philadelphia Flyers",5,3,13,10,6,"W 1","W","A"
2006-12-11,"Pittsburgh Penguins",4,5,13,10,7,"L 1","SOL","H"
2006-12-15,"Atlanta Thrashers",3,2,14,10,7,"W 1","OTW","A"
2006-12-16,"Philadelphia Flyers",4,1,15,10,7,"W 2","W","H"
2006-12-19,"Tampa Bay Lightning",4,5,15,11,7,"L 1","L","H"
2006-12-22,"New Jersey Devils",1,4,15,12,7,"L 2","L","H"
2006-12-23,"Toronto Maple Leafs",3,2,16,12,7,"W 1","W","A"
2006-12-26,"Buffalo Sabres",3,6,16,13,7,"L 1","L","A"
2006-12-27,"Montreal Canadiens",1,4,16,14,7,"L 2","L","H"
2006-12-29,"New Jersey Devils",3,4,16,15,7,"L 3","L","A"
2006-12-30,"New York Rangers",1,4,16,16,7,"L 4","L","A"
2007-01-01,"Phoenix Coyotes",2,3,16,17,7,"L 5","L","H"
2007-01-04,"Montreal Canadiens",5,1,17,17,7,"W 1","W","H"
2007-01-06,"Atlanta Thrashers",3,2,18,17,7,"W 2","OTW","H"
2007-01-09,"Philadelphia Flyers",6,2,19,17,7,"W 3","W","H"
2007-01-11,"Tampa Bay Lightning",4,5,19,18,7,"L 1","L","A"
2007-01-13,"Florida Panthers",3,7,19,19,7,"L 2","L","A"
2007-01-16,"Ottawa Senators",2,5,19,20,7,"L 3","L","A"
2007-01-18,"Carolina Hurricanes",5,2,20,20,7,"W 1","W","A"
2007-01-20,"Florida Panthers",1,4,20,21,7,"L 1","L","H"
2007-01-26,"Carolina Hurricanes",2,6,20,22,7,"L 2","L","A"
2007-01-27,"Carolina Hurricanes",7,3,21,22,7,"W 1","W","H"
2007-01-30,"Ottawa Senators",2,3,21,23,7,"L 1","L","A"
2007-02-01,"Florida Panthers",3,6,21,24,7,"L 2","L","A"
2007-02-03,"Pittsburgh Penguins",0,2,21,25,7,"L 3","L","A"
2007-02-04,"New York Islanders",2,1,22,25,7,"W 1","SOW","H"
2007-02-06,"Boston Bruins",2,3,22,25,8,"L 1","SOL","H"
2007-02-08,"Los Angeles Kings",4,3,23,25,8,"W 1","OTW","H"
2007-02-10,"New York Rangers",2,5,23,26,8,"L 1","L","H"
2007-02-15,"Tampa Bay Lightning",2,3,23,26,9,"L 2","SOL","A"
2007-02-18,"Pittsburgh Penguins",2,3,23,27,9,"L 3","L","A"
2007-02-20,"Montreal Canadiens",3,5,23,28,9,"L 4","L","A"
2007-02-21,"San Jose Sharks",2,3,23,28,10,"L 5","SOL","H"
2007-02-24,"New Jersey Devils",4,2,24,28,10,"W 1","W","A"
2007-02-25,"New Jersey Devils",2,3,24,29,10,"L 1","L","H"
2007-02-27,"Florida Panthers",5,6,24,29,11,"L 2","SOL","H"
2007-03-01,"Tampa Bay Lightning",4,5,24,29,12,"L 3","SOL","H"
2007-03-03,"New York Islanders",2,6,24,30,12,"L 4","L","H"
2007-03-06,"Toronto Maple Leafs",0,3,24,31,12,"L 5","L","A"
2007-03-09,"Carolina Hurricanes",0,3,24,32,12,"L 6","L","H"
2007-03-10,"New York Islanders",2,5,24,33,12,"L 7","L","A"
2007-03-12,"Atlanta Thrashers",2,4,24,34,12,"L 8","L","A"
2007-03-15,"Boston Bruins",3,4,24,34,13,"L 9","SOL","A"
2007-03-16,"Toronto Maple Leafs",5,1,25,34,13,"W 1","W","H"
2007-03-18,"Tampa Bay Lightning",7,1,26,34,13,"W 2","W","H"
2007-03-21,"Buffalo Sabres",2,5,26,35,13,"L 1","L","A"
2007-03-22,"Carolina Hurricanes",3,4,26,36,13,"L 2","L","A"
2007-03-24,"Montreal Canadiens",1,4,26,37,13,"L 3","L","A"
2007-03-27,"Pittsburgh Penguins",3,4,26,38,13,"L 4","L","H"
2007-03-30,"Florida Panthers",2,3,26,38,14,"L 5","OTL","A"
2007-03-31,"Tampa Bay Lightning",2,5,26,39,14,"L 6","L","A"
2007-04-03,"Florida Panthers",1,0,27,39,14,"W 1","W","H"
2007-04-04,"Atlanta Thrashers",3,2,28,39,14,"W 2","W","A"
2007-04-07,"Buffalo Sabres",0,2,28,40,14,"L 1","L","H"
2007-10-05,"Atlanta Thrashers",3,1,1,0,0,"W 1","W","A"
2007-10-06,"Carolina Hurricanes",2,0,2,0,0,"W 2","W","H"
2007-10-08,"New York Islanders",2,1,3,0,0,"W 3","W","A"
2007-10-12,"New York Rangers",1,3,3,1,0,"L 1","L","A"
2007-10-13,"Buffalo Sabres",3,7,3,2,0,"L 2","L","A"
2007-10-18,"New York Islanders",2,5,3,3,0,"L 3","L","H"
2007-10-20,"Pittsburgh Penguins",1,2,3,4,0,"L 4","L","H"
2007-10-24,"Tampa Bay Lightning",5,3,4,4,0,"W 1","W","H"
2007-10-26,"Vancouver Canucks",2,3,4,5,0,"L 1","L","H"
2007-10-27,"St. Louis Blues",3,4,4,6,0,"L 2","L","A"
2007-10-29,"Toronto Maple Leafs",7,1,5,6,0,"W 1","W","A"
2007-11-01,"New York Rangers",0,2,5,7,0,"L 1","L","A"
2007-11-02,"Philadelphia Flyers",2,3,5,8,0,"L 2","L","H"
2007-11-05,"Carolina Hurricanes",0,5,5,9,0,"L 3","L","A"
2007-11-06,"Atlanta Thrashers",1,2,5,9,1,"L 4","OTL","A"
2007-11-08,"Ottawa Senators",4,1,6,9,1,"W 1","W","A"
2007-11-10,"Tampa Bay Lightning",2,5,6,10,1,"L 1","L","H"
2007-11-15,"Florida Panthers",1,2,6,11,1,"L 2","L","A"
2007-11-16,"Tampa Bay Lightning",2,5,6,12,1,"L 3","L","A"
2007-11-19,"Florida Panthers",3,4,6,13,1,"L 4","L","H"
2007-11-21,"Atlanta Thrashers",1,5,6,14,1,"L 5","L","H"
2007-11-23,"Philadelphia Flyers",4,3,7,14,1,"W 1","OTW","A"
2007-11-24,"Carolina Hurricanes",5,2,8,14,1,"W 2","W","H"
2007-11-26,"Buffalo Sabres",1,3,8,15,1,"L 1","L","H"
2007-11-28,"Florida Panthers",1,2,8,15,2,"L 2","SOL","H"
2007-11-30,"Carolina Hurricanes",3,4,8,16,2,"L 3","L","A"
2007-12-01,"Florida Panthers",2,1,9,16,2,"W 1","W","A"
2007-12-07,"New Jersey Devils",2,3,9,17,2,"L 1","L","A"
2007-12-08,"Atlanta Thrashers",6,3,10,17,2,"W 1","W","H"
2007-12-10,"New Jersey Devils",3,2,11,17,2,"W 2","W","H"
2007-12-12,"New York Rangers",5,4,12,17,2,"W 3","OTW","H"
2007-12-14,"Buffalo Sabres",3,5,12,18,2,"L 1","L","H"
2007-12-15,"Tampa Bay Lightning",3,2,13,18,2,"W 1","W","A"
2007-12-17,"Detroit Red Wings",3,4,13,18,3,"L 1","SOL","A"
2007-12-20,"Montreal Canadiens",2,5,13,19,3,"L 2","L","H"
2007-12-22,"New York Islanders",2,3,13,19,4,"L 3","OTL","A"
2007-12-26,"Tampa Bay Lightning",3,2,14,19,4,"W 1","W","H"
2007-12-27,"Pittsburgh Penguins",3,4,14,19,5,"L 1","OTL","A"
2007-12-29,"Ottawa Senators",8,6,15,19,5,"W 1","W","A"
2008-01-01,"Ottawa Senators",6,3,16,19,5,"W 2","W","H"
2008-01-03,"Boston Bruins",0,2,16,20,5,"L 1","L","A"
2008-01-05,"Montreal Canadiens",5,4,17,20,5,"W 1","OTW","A"
2008-01-09,"Colorado Avalanche",2,1,18,20,5,"W 2","W","H"
2008-01-13,"Philadelphia Flyers",4,6,18,21,5,"L 1","L","H"
2008-01-15,"Ottawa Senators",4,2,19,21,5,"W 1","W","H"
2008-01-17,"Edmonton Oilers",5,4,20,21,5,"W 2","SOW","H"
2008-01-19,"Florida Panthers",5,3,21,21,5,"W 3","W","H"
2008-01-21,"Pittsburgh Penguins",6,5,22,21,5,"W 4","SOW","A"
2008-01-23,"Toronto Maple Leafs",2,3,22,22,5,"L 1","L","A"
2008-01-24,"Toronto Maple Leafs",2,1,23,22,5,"W 1","W","H"
2008-01-29,"Montreal Canadiens",0,4,23,23,5,"L 1","L","A"
2008-01-31,"Montreal Canadiens",5,4,24,23,5,"W 1","OTW","H"
2008-02-02,"Atlanta Thrashers",0,2,24,24,5,"L 1","L","H"
2008-02-05,"Columbus Blue Jackets",4,3,25,24,5,"W 1","OTW","A"
2008-02-06,"Philadelphia Flyers",4,3,26,24,5,"W 2","W","A"
2008-02-08,"Carolina Hurricanes",1,2,26,25,5,"L 1","L","H"
2008-02-10,"New York Rangers",3,2,27,25,5,"W 1","OTW","H"
2008-02-13,"Atlanta Thrashers",2,3,27,25,6,"L 1","SOL","A"
2008-02-15,"Florida Panthers",2,4,27,26,6,"L 2","L","A"
2008-02-16,"Tampa Bay Lightning",3,2,28,26,6,"W 1","W","A"
2008-02-20,"New York Islanders",2,3,28,26,7,"L 1","SOL","H"
2008-02-23,"Carolina Hurricanes",3,6,28,27,7,"L 2","L","A"
2008-02-24,"New Jersey Devils",1,2,28,27,8,"L 3","OTL","H"
2008-02-26,"Minnesota Wild",4,1,29,27,8,"W 1","W","H"
2008-02-29,"New Jersey Devils",4,0,30,27,8,"W 2","W","A"
2008-03-01,"Toronto Maple Leafs",2,3,30,28,8,"L 1","L","H"
2008-03-03,"Boston Bruins",10,2,31,28,8,"W 1","W","H"
2008-03-05,"Buffalo Sabres",3,1,32,28,8,"W 2","W","A"
2008-03-08,"Boston Bruins",1,2,32,29,8,"L 1","L","A"
2008-03-09,"Pittsburgh Penguins",2,4,32,30,8,"L 2","L","H"
2008-03-12,"Calgary Flames",3,2,33,30,8,"W 1","W","H"
2008-03-14,"Atlanta Thrashers",4,1,34,30,8,"W 2","W","H"
2008-03-16,"Boston Bruins",2,1,35,30,8,"W 3","SOW","H"
2008-03-18,"Nashville Predators",4,2,36,30,8,"W 4","W","A"
2008-03-19,"Chicago Blackhawks",0,5,36,31,8,"L 1","L","A"
2008-03-21,"Atlanta Thrashers",5,3,37,31,8,"W 1","W","A"
2008-03-25,"Carolina Hurricanes",3,2,38,31,8,"W 2","SOW","A"
2008-03-27,"Tampa Bay Lightning",4,3,39,31,8,"W 3","OTW","A"
2008-03-29,"Florida Panthers",3,0,40,31,8,"W 4","W","A"
2008-04-01,"Carolina Hurricanes",4,1,41,31,8,"W 5","W","H"
2008-04-03,"Tampa Bay Lightning",4,1,42,31,8,"W 6","W","H"
2008-04-05,"Florida Panthers",3,1,43,31,8,"W 7","W","H"
2008-10-10,"Atlanta Thrashers",4,7,0,1,0,"L 1","L","A"
2008-10-11,"Chicago Blackhawks",4,2,1,1,0,"W 1","W","H"
2008-10-13,"Vancouver Canucks",5,1,2,1,0,"W 2","W","H"
2008-10-16,"Pittsburgh Penguins",4,3,3,1,0,"W 3","W","A"
2008-10-18,"New Jersey Devils",3,4,3,1,1,"L 1","SOL","H"
2008-10-21,"Calgary Flames",1,2,3,2,1,"L 2","L","A"
2008-10-23,"Phoenix Coyotes",1,2,3,3,1,"L 3","L","A"
2008-10-25,"Dallas Stars",6,5,4,3,1,"W 1","OTW","A"
2008-10-28,"Nashville Predators",4,3,5,3,1,"W 2","SOW","H"
2008-11-01,"Buffalo Sabres",0,5,5,4,1,"L 1","L","A"
2008-11-04,"Ottawa Senators",1,2,5,4,2,"L 2","OTL","A"
2008-11-06,"Carolina Hurricanes",3,2,6,4,2,"W 1","W","H"
2008-11-08,"New York Rangers",3,1,7,4,2,"W 2","W","H"
2008-11-10,"Tampa Bay Lightning",4,2,8,4,2,"W 3","W","H"
2008-11-12,"Carolina Hurricanes",5,1,9,4,2,"W 4","W","A"
2008-11-14,"New Jersey Devils",3,1,10,4,2,"W 5","W","H"
2008-11-15,"New Jersey Devils",5,6,10,4,3,"L 1","SOL","A"
2008-11-19,"Anaheim Ducks",6,4,11,4,3,"W 1","W","A"
2008-11-20,"Los Angeles Kings",2,5,11,5,3,"L 1","L","A"
2008-11-22,"San Jose Sharks",2,7,11,6,3,"L 2","L","A"
2008-11-24,"Minnesota Wild",3,4,11,7,3,"L 3","L","A"
2008-11-26,"Atlanta Thrashers",5,3,12,7,3,"W 1","W","H"
2008-11-28,"Montreal Canadiens",3,0,13,7,3,"W 2","W","H"
2008-11-29,"Columbus Blue Jackets",0,3,13,8,3,"L 1","L","A"
2008-12-02,"Florida Panthers",3,5,13,9,3,"L 2","L","H"
2008-12-04,"New York Islanders",5,2,14,9,3,"W 1","W","H"
2008-12-06,"Toronto Maple Leafs",2,1,15,9,3,"W 2","W","A"
2008-12-07,"Carolina Hurricanes",1,3,15,10,3,"L 1","L","A"
2008-12-10,"Boston Bruins",3,1,16,10,3,"W 1","W","H"
2008-12-12,"Ottawa Senators",5,1,17,10,3,"W 2","W","H"
2008-12-13,"Montreal Canadiens",2,1,18,10,3,"W 3","W","A"
2008-12-16,"New York Islanders",5,4,19,10,3,"W 4","OTW","A"
2008-12-18,"St. Louis Blues",4,2,20,10,3,"W 5","W","H"
2008-12-20,"Philadelphia Flyers",1,7,20,11,3,"L 1","L","A"
2008-12-23,"New York Rangers",5,4,21,11,3,"W 1","OTW","A"
2008-12-26,"Buffalo Sabres",3,2,22,11,3,"W 2","W","H"
2008-12-28,"Toronto Maple Leafs",4,1,23,11,3,"W 3","W","H"
2008-12-30,"Buffalo Sabres",4,2,24,11,3,"W 4","W","A"
2009-01-01,"Tampa Bay Lightning",7,4,25,11,3,"W 5","W","H"
2009-01-03,"New York Rangers",2,1,26,11,3,"W 6","W","H"
2009-01-06,"Philadelphia Flyers",2,1,27,11,3,"W 7","SOW","H"
2009-01-09,"Columbus Blue Jackets",0,3,27,12,3,"L 1","L","H"
2009-01-10,"Montreal Canadiens",4,5,27,13,3,"L 2","L","A"
2009-01-13,"Edmonton Oilers",2,5,27,14,3,"L 3","L","H"
2009-01-14,"Pittsburgh Penguins",6,3,28,14,3,"W 1","W","A"
2009-01-17,"Boston Bruins",2,1,29,14,3,"W 2","W","H"
2009-01-19,"New York Islanders",2,1,30,14,3,"W 3","OTW","A"
2009-01-20,"Ottawa Senators",2,3,30,15,3,"L 1","L","A"
2009-01-27,"Boston Bruins",2,3,30,15,4,"L 2","OTL","A"
2009-01-31,"Detroit Red Wings",4,2,31,15,4,"W 1","W","H"
2009-02-01,"Ottawa Senators",7,4,32,15,4,"W 2","W","H"
2009-02-03,"New Jersey Devils",5,2,33,15,4,"W 3","W","A"
2009-02-05,"Los Angeles Kings",4,5,33,16,4,"L 1","L","H"
2009-02-07,"Florida Panthers",3,1,34,16,4,"W 1","W","H"
2009-02-11,"New York Rangers",4,5,34,16,5,"L 1","SOL","A"
2009-02-14,"Tampa Bay Lightning",5,1,35,16,5,"W 1","W","A"
2009-02-15,"Florida Panthers",4,2,36,16,5,"W 2","W","A"
2009-02-18,"Montreal Canadiens",4,3,37,16,5,"W 3","SOW","H"
2009-02-20,"Colorado Avalanche",1,4,37,17,5,"L 1","L","H"
2009-02-22,"Pittsburgh Penguins",5,2,38,17,5,"W 1","W","H"
2009-02-24,"Philadelphia Flyers",2,4,38,18,5,"L 1","L","H"
2009-02-26,"Atlanta Thrashers",4,3,39,18,5,"W 1","W","H"
2009-02-28,"Boston Bruins",4,3,40,18,5,"W 2","OTW","A"
2009-03-01,"Florida Panthers",2,6,40,19,5,"L 1","L","H"
2009-03-03,"Carolina Hurricanes",2,5,40,20,5,"L 2","L","H"
2009-03-05,"Toronto Maple Leafs",1,2,40,21,5,"L 3","L","H"
2009-03-08,"Pittsburgh Penguins",3,4,40,21,6,"L 4","SOL","H"
2009-03-10,"Nashville Predators",2,1,41,21,6,"W 1","OTW","A"
2009-03-12,"Philadelphia Flyers",2,1,42,21,6,"W 2","W","A"
2009-03-14,"Carolina Hurricanes",5,4,43,21,6,"W 3","SOW","H"
2009-03-16,"Atlanta Thrashers",1,5,43,22,6,"L 1","L","A"
2009-03-17,"Florida Panthers",3,0,44,22,6,"W 1","W","A"
2009-03-19,"Tampa Bay Lightning",5,2,45,22,6,"W 2","W","A"
2009-03-21,"Carolina Hurricanes",1,4,45,23,6,"L 1","L","A"
2009-03-24,"Toronto Maple Leafs",2,3,45,23,7,"L 2","SOL","A"
2009-03-27,"Tampa Bay Lightning",5,3,46,23,7,"W 1","W","H"
2009-04-01,"New York Islanders",5,3,47,23,7,"W 2","W","H"
2009-04-03,"Buffalo Sabres",4,5,47,23,8,"L 1","OTL","H"
2009-04-05,"Atlanta Thrashers",6,4,48,23,8,"W 1","W","H"
2009-04-07,"Atlanta Thrashers",4,2,49,23,8,"W 2","W","A"
2009-04-09,"Tampa Bay Lightning",4,2,50,23,8,"W 3","W","A"
2009-04-11,"Florida Panthers",4,7,50,24,8,"L 1","L","A"
2009-10-01,"Boston Bruins",4,1,1,0,0,"W 1","W","A"
2009-10-03,"Toronto Maple Leafs",6,4,2,0,0,"W 2","W","H"
2009-10-06,"Philadelphia Flyers",5,6,2,0,1,"L 1","OTL","A"
2009-10-08,"New York Rangers",3,4,2,1,1,"L 2","L","H"
2009-10-10,"Detroit Red Wings",2,3,2,2,1,"L 3","L","A"
2009-10-12,"New Jersey Devils",2,3,2,2,2,"L 4","SOL","H"
2009-10-15,"San Jose Sharks",4,1,3,2,2,"W 1","W","H"
2009-10-17,"Nashville Predators",3,2,4,2,2,"W 2","SOW","H"
2009-10-22,"Atlanta Thrashers",5,4,5,2,2,"W 3","W","A"
2009-10-24,"New York Islanders",3,2,6,2,2,"W 4","OTW","A"
2009-10-27,"Philadelphia Flyers",4,2,7,2,2,"W 5","W","H"
2009-10-29,"Atlanta Thrashers",4,3,8,2,2,"W 6","W","A"
2009-10-30,"New York Islanders",3,4,8,2,3,"L 1","OTL","H"
2009-11-01,"Columbus Blue Jackets",4,5,8,2,4,"L 2","OTL","H"
2009-11-04,"New Jersey Devils",2,3,8,3,4,"L 3","L","A"
2009-11-06,"Florida Panthers",4,1,9,3,4,"W 1","W","A"
2009-11-07,"Florida Panthers",7,4,10,3,4,"W 2","W","H"
2009-11-11,"New York Islanders",5,4,11,3,4,"W 3","SOW","H"
2009-11-13,"Minnesota Wild",3,1,12,3,4,"W 4","W","H"
2009-11-14,"New Jersey Devils",2,5,12,4,4,"L 1","L","A"
2009-11-17,"New York Rangers",4,2,13,4,4,"W 1","W","A"
2009-11-20,"Montreal Canadiens",2,3,13,5,4,"L 1","L","H"
2009-11-21,"Toronto Maple Leafs",1,2,13,5,5,"L 2","SOL","A"
2009-11-23,"Ottawa Senators",3,4,13,5,6,"L 3","OTL","A"
2009-11-25,"Buffalo Sabres",2,0,14,5,6,"W 1","W","H"
2009-11-28,"Montreal Canadiens",4,3,15,5,6,"W 2","SOW","A"
2009-11-30,"Carolina Hurricanes",3,2,16,5,6,"W 3","W","A"
2009-12-03,"Florida Panthers",6,2,17,5,6,"W 4","W","H"
2009-12-05,"Philadelphia Flyers",8,2,18,5,6,"W 5","W","A"
2009-12-07,"Tampa Bay Lightning",3,0,19,5,6,"W 6","W","A"
2009-12-09,"Buffalo Sabres",0,3,19,6,6,"L 1","L","A"
2009-12-11,"Carolina Hurricanes",4,3,20,6,6,"W 1","OTW","H"
2009-12-12,"Toronto Maple Leafs",3,6,20,7,6,"L 1","L","A"
2009-12-15,"Colorado Avalanche",6,1,21,7,6,"W 1","W","A"
2009-12-18,"Vancouver Canucks",2,3,21,8,6,"L 1","L","A"
2009-12-19,"Edmonton Oilers",4,2,22,8,6,"W 1","W","A"
2009-12-23,"Buffalo Sabres",5,2,23,8,6,"W 2","W","H"
2009-12-26,"New Jersey Devils",4,1,24,8,6,"W 3","W","H"
2009-12-28,"Carolina Hurricanes",3,6,24,9,6,"L 1","L","H"
2009-12-30,"San Jose Sharks",2,5,24,10,6,"L 2","L","A"
2010-01-02,"Los Angeles Kings",1,2,24,11,6,"L 3","L","A"
2010-01-05,"Montreal Canadiens",4,2,25,11,6,"W 1","W","H"
2010-01-07,"Ottawa Senators",5,2,26,11,6,"W 2","W","H"
2010-01-09,"Atlanta Thrashers",8,1,27,11,6,"W 3","W","A"
2010-01-12,"Tampa Bay Lightning",4,7,27,12,6,"L 1","L","A"
2010-01-13,"Florida Panthers",5,4,28,12,6,"W 1","SOW","A"
2010-01-15,"Toronto Maple Leafs",6,1,29,12,6,"W 2","W","H"
2010-01-17,"Philadelphia Flyers",5,3,30,12,6,"W 3","W","H"
2010-01-19,"Detroit Red Wings",3,2,31,12,6,"W 4","W","H"
2010-01-21,"Pittsburgh Penguins",6,3,32,12,6,"W 5","W","A"
2010-01-23,"Phoenix Coyotes",4,2,33,12,6,"W 6","W","H"
2010-01-26,"New York Islanders",7,2,34,12,6,"W 7","W","A"
2010-01-27,"Anaheim Ducks",5,1,35,12,6,"W 8","W","H"
2010-01-29,"Florida Panthers",4,1,36,12,6,"W 9","W","H"
2010-01-31,"Tampa Bay Lightning",3,2,37,12,6,"W 10","W","H"
2010-02-02,"Boston Bruins",4,1,38,12,6,"W 11","W","A"
2010-02-04,"New York Rangers",6,5,39,12,6,"W 12","W","A"
2010-02-05,"Atlanta Thrashers",5,2,40,12,6,"W 13","W","H"
2010-02-07,"Pittsburgh Penguins",5,4,41,12,6,"W 14","OTW","H"
2010-02-10,"Montreal Canadiens",5,6,41,12,7,"L 1","OTL","A"
2010-02-11,"Ottawa Senators",5,6,41,13,7,"L 2","L","A"
2010-02-13,"St. Louis Blues",3,4,41,13,8,"L 3","SOL","A"
2010-03-03,"Buffalo Sabres",3,1,42,13,8,"W 1","W","A"
2010-03-04,"Tampa Bay Lightning",5,4,43,13,8,"W 2","W","H"
2010-03-06,"New York Rangers",2,0,44,13,8,"W 3","W","H"
2010-03-08,"Dallas Stars",3,4,44,13,9,"L 1","SOL","H"
2010-03-10,"Carolina Hurricanes",4,3,45,13,9,"W 1","OTW","H"
2010-03-12,"Tampa Bay Lightning",2,3,45,14,9,"L 1","L","H"
2010-03-14,"Chicago Blackhawks",4,3,46,14,9,"W 1","OTW","A"
2010-03-16,"Florida Panthers",7,3,47,14,9,"W 2","W","A"
2010-03-18,"Carolina Hurricanes",3,4,47,14,10,"L 1","OTL","A"
2010-03-20,"Tampa Bay Lightning",3,1,48,14,10,"W 1","W","A"
2010-03-24,"Pittsburgh Penguins",4,3,49,14,10,"W 2","SOW","H"
2010-03-25,"Carolina Hurricanes",2,3,49,14,11,"L 1","SOL","A"
2010-03-28,"Calgary Flames",3,5,49,15,11,"L 2","L","H"
2010-03-30,"Ottawa Senators",4,5,49,15,12,"L 3","OTL","H"
2010-04-01,"Atlanta Thrashers",2,1,50,15,12,"W 1","W","H"
2010-04-03,"Columbus Blue Jackets",3,2,51,15,12,"W 2","W","A"
2010-04-05,"Boston Bruins",3,2,52,15,12,"W 3","OTW","H"
2010-04-06,"Pittsburgh Penguins",6,3,53,15,12,"W 4","W","A"
2010-04-09,"Atlanta Thrashers",5,2,54,15,12,"W 5","W","H"
2010-04-11,"Boston Bruins",3,4,54,15,13,"L 1","SOL","H"
2010-10-08,"Atlanta Thrashers",2,4,0,1,0,"L 1","L","A"
2010-10-09,"New Jersey Devils",7,2,1,1,0,"W 1","W","H"
2010-10-11,"Ottawa Senators",3,2,2,1,0,"W 2","OTW","H"
2010-10-13,"New York Islanders",2,1,3,1,0,"W 3","W","H"
2010-10-16,"Nashville Predators",3,2,4,1,0,"W 4","OTW","A"
2010-10-19,"Boston Bruins",1,3,4,2,0,"L 1","L","H"
2010-10-21,"Boston Bruins",1,4,4,3,0,"L 2","L","A"
2010-10-23,"Atlanta Thrashers",4,3,5,3,0,"W 1","OTW","H"
2010-10-27,"Carolina Hurricanes",3,0,6,3,0,"W 2","W","A"
2010-10-28,"Minnesota Wild",1,2,6,4,0,"L 1","L","A"
2010-10-30,"Calgary Flames",7,2,7,4,0,"W 1","W","A"
2010-11-03,"Toronto Maple Leafs",5,4,8,4,0,"W 2","SOW","H"
2010-11-05,"Boston Bruins",5,3,9,4,0,"W 3","W","H"
2010-11-07,"Philadelphia Flyers",3,2,10,4,0,"W 4","OTW","H"
2010-11-09,"New York Rangers",5,3,11,4,0,"W 5","W","A"
2010-11-11,"Tampa Bay Lightning",6,3,12,4,0,"W 6","W","H"
2010-11-13,"Buffalo Sabres",2,3,12,4,1,"L 1","OTL","A"
2010-11-14,"Atlanta Thrashers",6,4,13,4,1,"W 1","W","H"
2010-11-17,"Buffalo Sabres",4,2,14,4,1,"W 2","W","H"
2010-11-19,"Atlanta Thrashers",0,5,14,5,1,"L 1","L","A"
2010-11-20,"Philadelphia Flyers",4,5,14,5,2,"L 2","SOL","H"
2010-11-22,"New Jersey Devils",0,5,14,6,2,"L 3","L","A"
2010-11-24,"Carolina Hurricanes",3,2,15,6,2,"W 1","W","A"
2010-11-26,"Tampa Bay Lightning",6,0,16,6,2,"W 2","W","H"
2010-11-28,"Carolina Hurricanes",3,2,17,6,2,"W 3","SOW","H"
2010-12-01,"St. Louis Blues",4,1,18,6,2,"W 4","W","A"
2010-12-02,"Dallas Stars",1,2,18,7,2,"L 1","L","A"
2010-12-04,"Atlanta Thrashers",1,3,18,8,2,"L 2","L","H"
2010-12-06,"Toronto Maple Leafs",4,5,18,8,3,"L 3","SOL","H"
2010-12-09,"Florida Panthers",0,3,18,9,3,"L 4","L","H"
2010-12-11,"Colorado Avalanche",2,3,18,10,3,"L 5","L","H"
2010-12-12,"New York Rangers",0,7,18,11,3,"L 6","L","A"
2010-12-15,"Anaheim Ducks",1,2,18,11,4,"L 7","OTL","H"
2010-12-18,"Boston Bruins",2,3,18,12,4,"L 8","L","A"
2010-12-19,"Ottawa Senators",3,2,19,12,4,"W 1","W","A"
2010-12-21,"New Jersey Devils",5,1,20,12,4,"W 2","W","H"
2010-12-23,"Pittsburgh Penguins",2,3,20,12,5,"L 1","SOL","H"
2010-12-26,"Carolina Hurricanes",3,2,21,12,5,"W 1","W","A"
2010-12-28,"Montreal Canadiens",3,0,22,12,5,"W 2","W","H"
2011-01-01,"Pittsburgh Penguins",3,1,23,12,5,"W 3","W","A"
2011-01-04,"Tampa Bay Lightning",0,1,23,12,6,"L 1","OTL","H"
2011-01-08,"Florida Panthers",3,2,24,12,6,"W 1","W","H"
2011-01-11,"Florida Panthers",3,4,24,12,7,"L 1","OTL","A"
2011-01-12,"Tampa Bay Lightning",0,3,24,13,7,"L 2","L","A"
2011-01-14,"Vancouver Canucks",2,4,24,14,7,"L 3","L","H"
2011-01-16,"Ottawa Senators",3,1,25,14,7,"W 1","W","H"
2011-01-18,"Philadelphia Flyers",2,3,25,14,8,"L 1","OTL","A"
2011-01-20,"New York Islanders",2,1,26,14,8,"W 1","W","A"
2011-01-22,"Toronto Maple Leafs",4,1,27,14,8,"W 2","W","A"
2011-01-24,"New York Rangers",1,2,27,14,9,"L 1","SOL","H"
2011-01-26,"Atlanta Thrashers",0,1,27,15,9,"L 2","L","A"
2011-02-01,"Montreal Canadiens",2,3,27,15,10,"L 3","SOL","H"
2011-02-04,"Tampa Bay Lightning",5,2,28,15,10,"W 1","W","A"
2011-02-06,"Pittsburgh Penguins",3,0,29,15,10,"W 2","W","H"
2011-02-08,"San Jose Sharks",0,2,29,16,10,"L 1","L","H"
2011-02-12,"Los Angeles Kings",1,4,29,17,10,"L 2","L","H"
2011-02-14,"Phoenix Coyotes",2,3,29,18,10,"L 3","L","A"
2011-02-16,"Anaheim Ducks",7,6,30,18,10,"W 1","W","A"
2011-02-17,"San Jose Sharks",2,3,30,19,10,"L 1","L","A"
2011-02-20,"Buffalo Sabres",2,1,31,19,10,"W 1","W","A"
2011-02-21,"Pittsburgh Penguins",1,0,32,19,10,"W 2","W","A"
2011-02-25,"New York Rangers",0,6,32,20,10,"L 1","L","H"
2011-02-26,"New York Islanders",3,2,33,20,10,"W 1","W","A"
2011-03-01,"New York Islanders",2,1,34,20,10,"W 2","OTW","H"
2011-03-03,"St. Louis Blues",3,2,35,20,10,"W 3","W","H"
2011-03-06,"Florida Panthers",3,2,36,20,10,"W 4","OTW","A"
2011-03-07,"Tampa Bay Lightning",2,1,37,20,10,"W 5","SOW","A"
2011-03-09,"Edmonton Oilers",5,0,38,20,10,"W 6","W","H"
2011-03-11,"Carolina Hurricanes",2,1,39,20,10,"W 7","W","H"
2011-03-13,"Chicago Blackhawks",4,3,40,20,10,"W 8","OTW","H"
2011-03-15,"Montreal Canadiens",4,2,41,20,10,"W 9","W","A"
2011-03-16,"Detroit Red Wings",2,3,41,21,10,"L 1","L","A"
2011-03-18,"New Jersey Devils",3,0,42,21,10,"W 1","W","A"
2011-03-22,"Philadelphia Flyers",5,4,43,21,10,"W 2","SOW","A"
2011-03-25,"Ottawa Senators",0,2,43,22,10,"L 1","L","A"
2011-03-26,"Montreal Canadiens",2,0,44,22,10,"W 1","W","A"
2011-03-29,"Carolina Hurricanes",2,3,44,22,11,"L 1","SOL","H"
2011-03-31,"Columbus Blue Jackets",4,3,45,22,11,"W 1","OTW","H"
2011-04-02,"Buffalo Sabres",5,4,46,22,11,"W 2","OTW","H"
2011-04-05,"Toronto Maple Leafs",3,2,47,22,11,"W 3","SOW","A"
2011-04-06,"Florida Panthers",5,2,48,22,11,"W 4","W","H"
2011-04-09,"Florida Panthers",0,1,48,23,11,"L 1","L","A"
2011-10-08,"Carolina Hurricanes",4,3,1,0,0,"W 1","OTW","H"
2011-10-10,"Tampa Bay Lightning",6,5,2,0,0,"W 2","SOW","H"
2011-10-13,"Pittsburgh Penguins",3,2,3,0,0,"W 3","OTW","A"
2011-10-15,"Ottawa Senators",2,1,4,0,0,"W 4","W","H"
2011-10-18,"Florida Panthers",3,0,5,0,0,"W 5","W","H"
2011-10-20,"Philadelphia Flyers",5,2,6,0,0,"W 6","W","A"
2011-10-22,"Detroit Red Wings",7,1,7,0,0,"W 7","W","H"
2011-10-27,"Edmonton Oilers",1,2,7,1,0,"L 1","L","A"
2011-10-29,"Vancouver Canucks",4,7,7,2,0,"L 2","L","A"
2011-11-01,"Anaheim Ducks",5,4,8,2,0,"W 1","OTW","H"
2011-11-04,"Carolina Hurricanes",5,1,9,2,0,"W 2","W","A"
2011-11-05,"New York Islanders",3,5,9,3,0,"L 1","L","A"
2011-11-08,"Dallas Stars",2,5,9,4,0,"L 2","L","H"
2011-11-11,"New Jersey Devils",3,1,10,4,0,"W 1","W","A"
2011-11-12,"New Jersey Devils",2,3,10,4,1,"L 1","SOL","H"
2011-11-15,"Nashville Predators",1,3,10,5,1,"L 2","L","A"
2011-11-17,"Winnipeg Jets",1,4,10,6,1,"L 3","L","A"
2011-11-19,"Toronto Maple Leafs",1,7,10,7,1,"L 4","L","A"
2011-11-21,"Phoenix Coyotes",4,3,11,7,1,"W 1","W","H"
2011-11-23,"Winnipeg Jets",4,3,12,7,1,"W 2","OTW","H"
2011-11-25,"New York Rangers",3,6,12,8,1,"L 1","L","H"
2011-11-26,"Buffalo Sabres",1,5,12,9,1,"L 2","L","A"
2011-11-29,"St. Louis Blues",1,2,12,10,1,"L 3","L","H"
2011-12-01,"Pittsburgh Penguins",1,2,12,11,1,"L 4","L","H"
2011-12-03,"Ottawa Senators",3,2,13,11,1,"W 1","OTW","H"
2011-12-05,"Florida Panthers",4,5,13,12,1,"L 1","L","A"
2011-12-07,"Ottawa Senators",5,3,14,12,1,"W 1","W","A"
2011-12-09,"Toronto Maple Leafs",4,2,15,12,1,"W 2","W","H"
2011-12-13,"Philadelphia Flyers",1,5,15,13,1,"L 1","L","H"
2011-12-15,"Winnipeg Jets",1,0,16,13,1,"W 1","W","A"
2011-12-17,"Colorado Avalanche",1,2,16,14,1,"L 1","L","A"
2011-12-20,"Nashville Predators",4,1,17,14,1,"W 1","W","H"
2011-12-23,"New Jersey Devils",3,4,17,14,2,"L 1","SOL","A"
2011-12-26,"Buffalo Sabres",2,4,17,15,2,"L 2","L","A"
2011-12-28,"New York Rangers",4,1,18,15,2,"W 1","W","H"
2011-12-30,"Buffalo Sabres",3,1,19,15,2,"W 2","W","H"
2011-12-31,"Columbus Blue Jackets",4,2,20,15,2,"W 3","W","A"
2012-01-03,"Calgary Flames",3,1,21,15,2,"W 4","W","H"
2012-01-07,"San Jose Sharks",2,5,21,16,2,"L 1","L","A"
2012-01-09,"Los Angeles Kings",2,5,21,17,2,"L 2","L","A"
2012-01-11,"Pittsburgh Penguins",1,0,22,17,2,"W 1","W","H"
2012-01-13,"Tampa Bay Lightning",4,3,23,17,2,"W 2","W","H"
2012-01-15,"Carolina Hurricanes",2,1,24,17,2,"W 3","W","H"
2012-01-17,"New York Islanders",0,3,24,18,2,"L 1","L","H"
2012-01-18,"Montreal Canadiens",3,0,25,18,2,"W 1","W","A"
2012-01-20,"Carolina Hurricanes",0,3,25,19,2,"L 1","L","A"
2012-01-22,"Pittsburgh Penguins",3,4,25,19,3,"L 2","OTL","A"
2012-01-24,"Boston Bruins",5,3,26,19,3,"W 1","W","H"
2012-01-31,"Tampa Bay Lightning",3,4,26,19,4,"L 1","OTL","A"
2012-02-01,"Florida Panthers",2,4,26,20,4,"L 2","L","A"
2012-02-04,"Montreal Canadiens",3,0,27,20,4,"W 1","W","A"
2012-02-05,"Boston Bruins",1,4,27,21,4,"L 1","L","H"
2012-02-07,"Florida Panthers",4,0,28,21,4,"W 1","W","H"
2012-02-09,"Winnipeg Jets",2,3,28,21,5,"L 1","SOL","H"
2012-02-12,"New York Rangers",2,3,28,22,5,"L 2","L","A"
2012-02-13,"San Jose Sharks",3,5,28,23,5,"L 3","L","H"
2012-02-17,"Florida Panthers",2,1,29,23,5,"W 1","W","A"
2012-02-18,"Tampa Bay Lightning",1,2,29,24,5,"L 1","L","A"
2012-02-20,"Carolina Hurricanes",0,5,29,25,5,"L 2","L","A"
2012-02-22,"Ottawa Senators",2,5,29,26,5,"L 3","L","A"
2012-02-24,"Montreal Canadiens",4,1,30,26,5,"W 1","W","H"
2012-02-25,"Toronto Maple Leafs",4,2,31,26,5,"W 2","W","A"
2012-02-28,"New York Islanders",3,2,32,26,5,"W 3","OTW","H"
2012-03-02,"New Jersey Devils",0,5,32,27,5,"L 1","L","H"
2012-03-04,"Philadelphia Flyers",0,1,32,28,5,"L 2","L","H"
2012-03-06,"Carolina Hurricanes",3,4,32,28,6,"L 3","OTL","H"
2012-03-08,"Tampa Bay Lightning",3,2,33,28,6,"W 1","OTW","H"
2012-03-10,"Boston Bruins",4,3,34,28,6,"W 2","W","A"
2012-03-11,"Toronto Maple Leafs",2,0,35,28,6,"W 3","W","H"
2012-03-13,"New York Islanders",5,4,36,28,6,"W 4","SOW","A"
2012-03-16,"Winnipeg Jets",2,3,36,29,6,"L 1","L","A"
2012-03-18,"Chicago Blackhawks",2,5,36,30,6,"L 2","L","A"
2012-03-19,"Detroit Red Wings",5,3,37,30,6,"W 1","W","A"
2012-03-22,"Philadelphia Flyers",1,2,37,30,7,"L 1","SOL","A"
2012-03-23,"Winnipeg Jets",3,4,37,30,8,"L 2","OTL","H"
2012-03-25,"Minnesota Wild",3,0,38,30,8,"W 1","W","H"
2012-03-27,"Buffalo Sabres",1,5,38,31,8,"L 1","L","H"
2012-03-29,"Boston Bruins",3,2,39,31,8,"W 1","SOW","A"
2012-03-31,"Montreal Canadiens",3,2,40,31,8,"W 2","SOW","H"
2012-04-02,"Tampa Bay Lightning",2,4,40,32,8,"L 1","L","A"
2012-04-05,"Florida Panthers",4,2,41,32,8,"W 1","W","H"
2012-04-07,"New York Rangers",4,1,42,32,8,"W 2","W","A"
2013-01-19,"Tampa Bay Lightning",3,6,0,1,0,"L 1","L","A"
2013-01-22,"Winnipeg Jets",2,4,0,2,0,"L 2","L","H"
2013-01-24,"Montreal Canadiens",1,4,0,3,0,"L 3","L","H"
2013-01-25,"New Jersey Devils",2,3,0,3,1,"L 4","OTL","A"
2013-01-27,"Buffalo Sabres",3,2,1,3,1,"W 1","W","H"
2013-01-29,"Ottawa Senators",2,3,1,4,1,"L 1","L","A"
2013-01-31,"Toronto Maple Leafs",2,3,1,5,1,"L 2","L","A"
2013-02-01,"Philadelphia Flyers",3,2,2,5,1,"W 1","W","H"
2013-02-03,"Pittsburgh Penguins",3,6,2,6,1,"L 1","L","H"
2013-02-05,"Toronto Maple Leafs",2,3,2,7,1,"L 2","L","H"
2013-02-07,"Pittsburgh Penguins",2,5,2,8,1,"L 3","L","A"
2013-02-09,"Florida Panthers",5,0,3,8,1,"W 1","W","H"
2013-02-12,"Florida Panthers",6,5,4,8,1,"W 2","OTW","A"
2013-02-14,"Tampa Bay Lightning",4,3,5,8,1,"W 3","W","A"
2013-02-17,"New York Rangers",1,2,5,9,1,"L 1","L","A"
2013-02-21,"New Jersey Devils",2,3,5,10,1,"L 2","L","H"
2013-02-23,"New Jersey Devils",5,1,6,10,1,"W 1","W","H"
2013-02-26,"Carolina Hurricanes",3,0,7,10,1,"W 2","W","H"
2013-02-27,"Philadelphia Flyers",1,4,7,11,1,"L 1","L","A"
2013-03-02,"Winnipeg Jets",3,0,8,11,1,"W 1","W","A"
2013-03-05,"Boston Bruins",4,3,9,11,1,"W 2","OTW","H"
2013-03-07,"Florida Panthers",7,1,10,11,1,"W 3","W","H"
2013-03-09,"New York Islanders",2,5,10,12,1,"L 1","L","A"
2013-03-10,"New York Rangers",1,4,10,13,1,"L 2","L","H"
2013-03-12,"Carolina Hurricanes",0,4,10,14,1,"L 3","L","H"
2013-03-14,"Carolina Hurricanes",3,2,11,14,1,"W 1","W","A"
2013-03-16,"Boston Bruins",1,4,11,15,1,"L 1","L","A"
2013-03-17,"Buffalo Sabres",5,3,12,15,1,"W 1","W","H"
2013-03-19,"Pittsburgh Penguins",1,2,12,16,1,"L 1","L","A"
2013-03-21,"Winnipeg Jets",4,0,13,16,1,"W 1","W","A"
2013-03-22,"Winnipeg Jets",6,1,14,16,1,"W 2","W","A"
2013-03-24,"New York Rangers",3,2,15,16,1,"W 3","SOW","A"
2013-03-26,"New York Islanders",2,3,15,17,1,"L 1","L","H"
2013-03-30,"Buffalo Sabres",4,3,16,17,1,"W 1","SOW","A"
2013-03-31,"Philadelphia Flyers",4,5,16,17,2,"L 1","OTL","A"
2013-04-02,"Carolina Hurricanes",5,3,17,17,2,"W 1","W","A"
2013-04-04,"New York Islanders",2,1,18,17,2,"W 2","SOW","H"
2013-04-06,"Florida Panthers",4,3,19,17,2,"W 3","W","A"
2013-04-07,"Tampa Bay Lightning",4,2,20,17,2,"W 4","W","H"
2013-04-09,"Montreal Canadiens",3,2,21,17,2,"W 5","W","A"
2013-04-11,"Carolina Hurricanes",3,1,22,17,2,"W 6","W","H"
2013-04-13,"Tampa Bay Lightning",6,5,23,17,2,"W 7","OTW","H"
2013-04-16,"Toronto Maple Leafs",5,1,24,17,2,"W 8","W","H"
2013-04-18,"Ottawa Senators",1,3,24,18,2,"L 1","L","A"
2013-04-20,"Montreal Canadiens",5,1,25,18,2,"W 1","W","A"
2013-04-23,"Winnipeg Jets",5,3,26,18,2,"W 2","W","H"
2013-04-25,"Ottawa Senators",1,2,26,18,3,"L 1","OTL","H"
2013-04-27,"Boston Bruins",3,2,27,18,3,"W 1","OTW","H"
2013-10-01,"Chicago Blackhawks",4,6,0,1,0,"L 1","L","A"
2013-10-03,"Calgary Flames",5,4,1,1,0,"W 1","SOW","H"
2013-10-05,"Dallas Stars",1,2,1,2,0,"L 1","L","A"
2013-10-10,"Carolina Hurricanes",2,3,1,3,0,"L 2","L","H"
2013-10-12,"Colorado Avalanche",1,5,1,4,0,"L 3","L","H"
2013-10-14,"Edmonton Oilers",4,2,2,4,0,"W 1","W","H"
2013-10-16,"New York Rangers",0,2,2,5,0,"L 1","L","H"
2013-10-19,"Columbus Blue Jackets",4,1,3,5,0,"W 1","W","H"
2013-10-22,"Winnipeg Jets",5,4,4,5,0,"W 2","SOW","A"
2013-10-24,"Edmonton Oilers",4,1,5,5,0,"W 3","W","A"
2013-10-26,"Calgary Flames",2,5,5,6,0,"L 1","L","A"
2013-10-28,"Vancouver Canucks",2,3,5,7,0,"L 2","L","A"
2013-11-01,"Philadelphia Flyers",7,0,6,7,0,"W 1","W","A"
2013-11-02,"Florida Panthers",3,2,7,7,0,"W 2","SOW","H"
2013-11-05,"New York Islanders",6,2,8,7,0,"W 3","W","H"
2013-11-07,"Minnesota Wild",3,2,9,7,0,"W 4","SOW","H"
2013-11-09,"Phoenix Coyotes",3,4,9,7,1,"L 1","SOL","A"
2013-11-10,"Colorado Avalanche",1,4,9,8,1,"L 2","L","A"
2013-11-12,"Columbus Blue Jackets",4,3,10,8,1,"W 1","OTW","H"
2013-11-15,"Detroit Red Wings",4,3,11,8,1,"W 2","SOW","A"
2013-11-17,"St. Louis Blues",4,1,12,8,1,"W 3","W","H"
2013-11-20,"Pittsburgh Penguins",0,4,12,9,1,"L 1","L","H"
2013-11-22,"Montreal Canadiens",2,3,12,10,1,"L 2","L","H"
2013-11-23,"Toronto Maple Leafs",1,2,12,10,2,"L 3","SOL","A"
2013-11-27,"Ottawa Senators",4,6,12,11,2,"L 4","L","H"
2013-11-29,"Montreal Canadiens",3,2,13,11,2,"W 1","SOW","H"
2013-11-30,"New York Islanders",3,2,14,11,2,"W 2","OTW","A"
2013-12-03,"Carolina Hurricanes",1,4,14,12,2,"L 1","L","H"
2013-12-07,"Nashville Predators",5,2,15,12,2,"W 1","W","H"
2013-12-08,"New York Rangers",4,1,16,12,2,"W 2","W","A"
2013-12-10,"Tampa Bay Lightning",6,5,17,12,2,"W 3","SOW","H"
2013-12-13,"Florida Panthers",2,3,17,12,3,"L 1","SOL","A"
2013-12-15,"Philadelphia Flyers",5,4,18,12,3,"W 1","SOW","H"
2013-12-17,"Philadelphia Flyers",2,5,18,13,3,"L 1","L","A"
2013-12-20,"Carolina Hurricanes",4,2,19,13,3,"W 1","W","A"
2013-12-21,"New Jersey Devils",4,5,19,13,4,"L 1","OTL","H"
2013-12-23,"Anaheim Ducks",2,3,19,14,4,"L 2","L","H"
2013-12-27,"New York Rangers",3,2,20,14,4,"W 1","W","H"
2013-12-29,"Buffalo Sabres",1,2,20,14,5,"L 1","SOL","A"
2013-12-30,"Ottawa Senators",1,3,20,15,5,"L 2","L","A"
2014-01-02,"Carolina Hurricanes",3,4,20,15,6,"L 3","OTL","H"
2014-01-04,"Minnesota Wild",3,5,20,16,6,"L 4","L","A"
2014-01-09,"Tampa Bay Lightning",4,3,21,16,6,"W 1","W","A"
2014-01-10,"Toronto Maple Leafs",3,2,22,16,6,"W 2","W","H"
2014-01-12,"Buffalo Sabres",1,2,22,16,7,"L 1","SOL","H"
2014-01-14,"San Jose Sharks",1,2,22,16,8,"L 2","SOL","H"
2014-01-15,"Pittsburgh Penguins",3,4,22,17,8,"L 3","L","A"
2014-01-17,"Columbus Blue Jackets",1,5,22,18,8,"L 4","L","A"
2014-01-19,"New York Rangers",1,4,22,19,8,"L 5","L","A"
2014-01-21,"Ottawa Senators",0,2,22,20,8,"L 6","L","H"
2014-01-24,"New Jersey Devils",1,2,22,21,8,"L 7","L","A"
2014-01-25,"Montreal Canadiens",5,0,23,21,8,"W 1","W","A"
2014-01-28,"Buffalo Sabres",5,4,24,21,8,"W 2","OTW","A"
2014-01-30,"Columbus Blue Jackets",2,5,24,22,8,"L 1","L","A"
2014-01-31,"Detroit Red Wings",3,4,24,22,9,"L 2","SOL","A"
2014-02-02,"Detroit Red Wings",6,5,25,22,9,"W 1","OTW","H"
2014-02-04,"New York Islanders",0,1,25,23,9,"L 1","L","H"
2014-02-06,"Winnipeg Jets",4,2,26,23,9,"W 1","W","H"
2014-02-08,"New Jersey Devils",3,0,27,23,9,"W 2","W","H"
2014-02-27,"Florida Panthers",5,4,28,23,9,"W 3","W","A"
2014-03-01,"Boston Bruins",4,2,29,23,9,"W 4","W","A"
2014-03-02,"Philadelphia Flyers",4,5,29,23,10,"L 1","OTL","H"
2014-03-05,"Philadelphia Flyers",4,6,29,24,10,"L 2","L","A"
2014-03-06,"Boston Bruins",0,3,29,25,10,"L 3","L","A"
2014-03-08,"Phoenix Coyotes",3,2,30,25,10,"W 1","W","H"
2014-03-10,"Pittsburgh Penguins",2,3,30,26,10,"L 1","L","H"
2014-03-11,"Pittsburgh Penguins",0,2,30,27,10,"L 2","L","A"
2014-03-14,"Vancouver Canucks",4,3,31,27,10,"W 1","W","H"
2014-03-16,"Toronto Maple Leafs",4,2,32,27,10,"W 2","W","H"
2014-03-18,"Anaheim Ducks",3,2,33,27,10,"W 3","W","A"
2014-03-20,"Los Angeles Kings",1,2,33,27,11,"L 1","SOL","A"
2014-03-22,"San Jose Sharks",3,2,34,27,11,"W 1","SOW","A"
2014-03-25,"Los Angeles Kings",4,5,34,27,12,"L 1","SOL","H"
2014-03-29,"Boston Bruins",2,4,34,28,12,"L 2","L","H"
2014-03-30,"Nashville Predators",3,4,34,28,13,"L 3","SOL","A"
2014-04-01,"Dallas Stars",0,5,34,29,13,"L 4","L","H"
2014-04-04,"New Jersey Devils",1,2,34,30,13,"L 5","L","A"
2014-04-05,"New York Islanders",4,3,35,30,13,"W 1","SOW","A"
2014-04-08,"St. Louis Blues",4,1,36,30,13,"W 2","W","A"
2014-04-10,"Carolina Hurricanes",5,2,37,30,13,"W 3","W","A"
2014-04-11,"Chicago Blackhawks",4,0,38,30,13,"W 4","W","H"
2014-04-13,"Tampa Bay Lightning",0,1,38,30,14,"L 1","SOL","H"
2014-10-09,"Montreal Canadiens",1,2,0,0,1,"L 1","SOL","H"
2014-10-11,"Boston Bruins",4,0,1,0,1,"W 1","W","A"
2014-10-14,"San Jose Sharks",5,6,1,0,2,"L 1","SOL","H"
2014-10-16,"New Jersey Devils",6,2,2,0,2,"W 1","W","H"
2014-10-18,"Florida Panthers",2,1,3,0,2,"W 2","SOW","H"
2014-10-22,"Edmonton Oilers",2,3,3,1,2,"L 1","L","A"
2014-10-25,"Calgary Flames",3,1,4,1,2,"W 1","W","A"
2014-10-26,"Vancouver Canucks",2,4,4,2,2,"L 1","L","A"
2014-10-29,"Detroit Red Wings",2,4,4,3,2,"L 2","L","H"
2014-11-01,"Tampa Bay Lightning",3,4,4,4,2,"L 3","L","A"
2014-11-02,"Arizona Coyotes",5,6,4,5,2,"L 4","L","H"
2014-11-04,"Calgary Flames",3,4,4,5,3,"L 5","OTL","H"
2014-11-07,"Chicago Blackhawks",3,2,5,5,3,"W 1","W","A"
2014-11-08,"Carolina Hurricanes",4,3,6,5,3,"W 2","OTW","H"
2014-11-11,"Columbus Blue Jackets",4,2,7,5,3,"W 3","W","H"
2014-11-14,"New Jersey Devils",0,1,7,6,3,"L 1","L","H"
2014-11-15,"St. Louis Blues",1,4,7,7,3,"L 2","L","A"
2014-11-18,"Arizona Coyotes",2,1,8,7,3,"W 1","OTW","A"
2014-11-20,"Colorado Avalanche",3,2,9,7,3,"W 2","W","A"
2014-11-22,"Buffalo Sabres",1,2,9,8,3,"L 1","L","H"
2014-11-26,"New York Islanders",2,3,9,8,4,"L 2","OTL","A"
2014-11-28,"New York Islanders",5,2,10,8,4,"W 1","W","H"
2014-11-29,"Toronto Maple Leafs",2,6,10,9,4,"L 1","L","A"
2014-12-02,"Vancouver Canucks",3,4,10,10,4,"L 2","L","H"
2014-12-04,"Carolina Hurricanes",2,1,11,10,4,"W 1","W","A"
2014-12-06,"New Jersey Devils",4,1,12,10,4,"W 2","W","A"
2014-12-09,"Tampa Bay Lightning",5,3,13,10,4,"W 3","W","A"
2014-12-11,"Columbus Blue Jackets",2,3,13,10,5,"L 1","OTL","H"
2014-12-13,"Tampa Bay Lightning",4,2,14,10,5,"W 1","W","H"
2014-12-16,"Florida Panthers",1,2,14,10,6,"L 1","SOL","A"
2014-12-18,"Columbus Blue Jackets",5,4,15,10,6,"W 1","OTW","A"
2014-12-20,"New Jersey Devils",4,0,16,10,6,"W 2","W","A"
2014-12-22,"Ottawa Senators",2,1,17,10,6,"W 3","W","H"
2014-12-23,"New York Rangers",2,4,17,11,6,"L 1","L","A"
2014-12-27,"Pittsburgh Penguins",3,0,18,11,6,"W 1","W","A"
2014-12-29,"New York Islanders",3,4,18,11,7,"L 1","OTL","A"
2015-01-01,"Chicago Blackhawks",3,2,19,11,7,"W 1","W","H"
2015-01-04,"Florida Panthers",4,3,20,11,7,"W 2","W","H"
2015-01-07,"Toronto Maple Leafs",6,2,21,11,7,"W 3","W","A"
2015-01-08,"Philadelphia Flyers",2,3,21,11,8,"L 1","OTL","A"
2015-01-10,"Detroit Red Wings",3,1,22,11,8,"W 1","W","H"
2015-01-12,"Colorado Avalanche",2,1,23,11,8,"W 2","W","H"
2015-01-14,"Philadelphia Flyers",1,0,24,11,8,"W 3","W","H"
2015-01-16,"Nashville Predators",3,4,24,12,8,"L 1","L","A"
2015-01-17,"Dallas Stars",4,5,24,13,8,"L 2","L","A"
2015-01-20,"Edmonton Oilers",4,5,24,13,9,"L 3","SOL","H"
2015-01-27,"Columbus Blue Jackets",3,4,24,14,9,"L 4","L","A"
2015-01-28,"Pittsburgh Penguins",4,0,25,14,9,"W 1","W","H"
2015-01-31,"Montreal Canadiens",0,1,25,14,10,"L 1","OTL","A"
2015-02-01,"St. Louis Blues",3,4,25,15,10,"L 2","L","H"
2015-02-03,"Los Angeles Kings",4,0,26,15,10,"W 1","W","H"
2015-02-05,"Ottawa Senators",2,1,27,15,10,"W 2","W","A"
2015-02-06,"Anaheim Ducks",3,2,28,15,10,"W 3","SOW","H"
2015-02-08,"Philadelphia Flyers",1,3,28,16,10,"L 1","L","H"
2015-02-11,"San Jose Sharks",5,4,29,16,10,"W 1","OTW","A"
2015-02-14,"Los Angeles Kings",1,3,29,17,10,"L 1","L","A"
2015-02-15,"Anaheim Ducks",5,3,30,17,10,"W 1","W","A"
2015-02-17,"Pittsburgh Penguins",3,1,31,17,10,"W 2","W","A"
2015-02-19,"Winnipeg Jets",5,1,32,17,10,"W 3","W","H"
2015-02-21,"New York Islanders",3,2,33,17,10,"W 4","SOW","H"
2015-02-22,"Philadelphia Flyers",2,3,33,18,10,"L 1","L","A"
2015-02-25,"Pittsburgh Penguins",3,4,33,19,10,"L 2","L","H"
2015-02-27,"Carolina Hurricanes",0,3,33,20,10,"L 3","L","A"
2015-03-01,"Toronto Maple Leafs",4,0,34,20,10,"W 1","W","H"
2015-03-03,"Columbus Blue Jackets",5,3,35,20,10,"W 2","W","A"
2015-03-05,"Minnesota Wild",1,2,35,21,10,"L 1","L","H"
2015-03-07,"Buffalo Sabres",6,1,36,21,10,"W 1","W","H"
2015-03-11,"New York Rangers",1,3,36,22,10,"L 1","L","H"
2015-03-13,"Dallas Stars",2,4,36,23,10,"L 2","L","H"
2015-03-15,"Boston Bruins",2,0,37,23,10,"W 1","W","H"
2015-03-16,"Buffalo Sabres",4,3,38,23,10,"W 2","SOW","A"
2015-03-19,"Minnesota Wild",3,2,39,23,10,"W 3","W","A"
2015-03-21,"Winnipeg Jets",0,3,39,24,10,"L 1","L","A"
2015-03-26,"New Jersey Devils",3,2,40,24,10,"W 1","OTW","H"
2015-03-28,"Nashville Predators",3,4,40,25,10,"L 1","L","H"
2015-03-29,"New York Rangers",5,2,41,25,10,"W 1","W","A"
2015-03-31,"Carolina Hurricanes",4,2,42,25,10,"W 2","W","H"
2015-04-02,"Montreal Canadiens",5,4,43,25,10,"W 3","SOW","A"
2015-04-04,"Ottawa Senators",3,4,43,25,11,"L 1","OTL","A"
2015-04-05,"Detroit Red Wings",2,1,44,25,11,"W 1","W","A"
2015-04-08,"Boston Bruins",3,0,45,25,11,"W 2","W","H"
2015-04-11,"New York Rangers",2,4,45,26,11,"L 1","L","H"
2015-10-10,"New Jersey Devils",5,3,1,0,0,"W 1","W","H"
2015-10-13,"San Jose Sharks",0,5,1,1,0,"L 1","L","H"
2015-10-15,"Chicago Blackhawks",4,1,2,1,0,"W 1","W","H"
2015-10-17,"Carolina Hurricanes",4,1,3,1,0,"W 2","W","H"
2015-10-20,"Calgary Flames",6,2,4,1,0,"W 3","W","A"
2015-10-22,"Vancouver Canucks",3,2,5,1,0,"W 4","W","A"
2015-10-23,"Edmonton Oilers",7,4,6,1,0,"W 5","W","A"
2015-10-28,"Pittsburgh Penguins",1,3,6,2,0,"L 1","L","H"
2015-10-30,"Columbus Blue Jackets",2,1,7,2,0,"W 1","W","H"
2015-10-31,"Florida Panthers",2,1,8,2,0,"W 2","OTW","A"
2015-11-03,"New York Rangers",2,5,8,3,0,"L 1","L","A"
2015-11-05,"Boston Bruins",4,1,9,3,0,"W 1","W","H"
2015-11-07,"Toronto Maple Leafs",3,2,10,3,0,"W 2","SOW","H"
2015-11-10,"Detroit Red Wings",0,1,10,4,0,"L 1","L","A"
2015-11-12,"Philadelphia Flyers",5,2,11,4,0,"W 1","W","A"
2015-11-13,"Calgary Flames",2,3,11,4,1,"L 1","OTL","H"
2015-11-18,"Detroit Red Wings",2,1,12,4,1,"W 1","OTW","A"
2015-11-19,"Dallas Stars",2,3,12,5,1,"L 1","L","H"
2015-11-21,"Colorado Avalanche",7,3,13,5,1,"W 1","W","H"
2015-11-23,"Edmonton Oilers",1,0,14,5,1,"W 2","W","H"
2015-11-25,"Winnipeg Jets",5,3,15,5,1,"W 3","W","H"
2015-11-27,"Tampa Bay Lightning",4,2,16,5,1,"W 4","W","H"
2015-11-28,"Toronto Maple Leafs",4,2,17,5,1,"W 5","W","A"
2015-12-03,"Montreal Canadiens",3,2,18,5,1,"W 6","W","A"
2015-12-05,"Winnipeg Jets",1,2,18,5,2,"L 1","OTL","A"
2015-12-08,"Detroit Red Wings",3,2,19,5,2,"W 1","SOW","H"
2015-12-10,"Florida Panthers",1,4,19,6,2,"L 1","L","A"
2015-12-12,"Tampa Bay Lightning",2,1,20,6,2,"W 1","W","A"
2015-12-14,"Pittsburgh Penguins",4,1,21,6,2,"W 2","W","A"
2015-12-16,"Ottawa Senators",2,1,22,6,2,"W 3","W","H"
2015-12-18,"Tampa Bay Lightning",5,3,23,6,2,"W 4","W","H"
2015-12-20,"New York Rangers",7,3,24,6,2,"W 5","W","A"
2015-12-21,"Carolina Hurricanes",2,1,25,6,2,"W 6","W","A"
2015-12-26,"Montreal Canadiens",3,1,26,6,2,"W 7","W","H"
2015-12-28,"Buffalo Sabres",2,0,27,6,2,"W 8","W","A"
2015-12-30,"Buffalo Sabres",5,2,28,6,2,"W 9","W","H"
2015-12-31,"Carolina Hurricanes",2,4,28,7,2,"L 1","L","A"
2016-01-02,"Columbus Blue Jackets",4,5,28,7,3,"L 2","SOL","A"
2016-01-05,"Boston Bruins",3,2,29,7,3,"W 1","W","A"
2016-01-07,"New York Islanders",4,1,30,7,3,"W 2","W","A"
2016-01-09,"New York Rangers",4,3,31,7,3,"W 3","OTW","A"
2016-01-10,"Ottawa Senators",7,1,32,7,3,"W 4","W","H"
2016-01-14,"Vancouver Canucks",4,1,33,7,3,"W 5","W","H"
2016-01-16,"Buffalo Sabres",1,4,33,8,3,"L 1","L","A"
2016-01-17,"New York Rangers",5,2,34,8,3,"W 1","W","H"
2016-01-19,"Columbus Blue Jackets",6,3,35,8,3,"W 2","W","A"
2016-01-27,"Philadelphia Flyers",3,4,35,8,4,"L 1","OTL","H"
2016-02-02,"Florida Panthers",2,5,35,9,4,"L 2","L","H"
2016-02-04,"New York Islanders",3,2,36,9,4,"W 1","W","H"
2016-02-06,"New Jersey Devils",3,2,37,9,4,"W 2","SOW","A"
2016-02-07,"Philadelphia Flyers",3,2,38,9,4,"W 3","W","H"
2016-02-09,"Nashville Predators",5,3,39,9,4,"W 4","W","A"
2016-02-11,"Minnesota Wild",4,3,40,9,4,"W 5","W","A"
2016-02-13,"Dallas Stars",3,4,40,10,4,"L 1","L","A"
2016-02-16,"Los Angeles Kings",3,1,41,10,4,"W 1","W","H"
2016-02-18,"New York Islanders",3,2,42,10,4,"W 2","OTW","A"
2016-02-20,"New Jersey Devils",4,3,43,10,4,"W 3","W","H"
2016-02-22,"Arizona Coyotes",3,2,44,10,4,"W 4","W","H"
2016-02-24,"Montreal Canadiens",3,4,44,11,4,"L 1","L","H"
2016-02-26,"Minnesota Wild",3,2,45,11,4,"W 1","W","H"
2016-02-28,"Chicago Blackhawks",2,3,45,12,4,"L 1","L","A"
2016-03-01,"Pittsburgh Penguins",3,2,46,12,4,"W 1","W","H"
2016-03-02,"Toronto Maple Leafs",3,2,47,12,4,"W 2","W","H"
2016-03-04,"New York Rangers",2,3,47,13,4,"L 1","L","H"
2016-03-05,"Boston Bruins",2,1,48,13,4,"W 1","OTW","A"
2016-03-07,"Anaheim Ducks",2,1,49,13,4,"W 2","SOW","A"
2016-03-09,"Los Angeles Kings",3,4,49,13,5,"L 1","OTL","A"
2016-03-12,"San Jose Sharks",2,5,49,14,5,"L 2","L","A"
2016-03-15,"Carolina Hurricanes",2,1,50,14,5,"W 1","OTW","H"
2016-03-18,"Nashville Predators",4,1,51,14,5,"W 2","W","H"
2016-03-20,"Pittsburgh Penguins",2,6,51,15,5,"L 1","L","A"
2016-03-22,"Ottawa Senators",4,2,52,15,5,"W 1","W","A"
2016-03-25,"New Jersey Devils",1,0,53,15,5,"W 2","OTW","A"
2016-03-26,"St. Louis Blues",0,4,53,16,5,"L 1","L","H"
2016-03-28,"Columbus Blue Jackets",4,1,54,16,5,"W 1","W","H"
2016-03-30,"Philadelphia Flyers",1,2,54,16,6,"L 1","SOL","A"
2016-04-01,"Colorado Avalanche",4,2,55,16,6,"W 1","W","A"
2016-04-02,"Arizona Coyotes",0,3,55,17,6,"L 1","L","A"
2016-04-05,"New York Islanders",3,4,55,17,7,"L 2","OTL","H"
2016-04-07,"Pittsburgh Penguins",3,4,55,17,8,"L 3","OTL","H"
2016-04-09,"St. Louis Blues",5,1,56,17,8,"W 1","W","A"
2016-04-10,"Anaheim Ducks",0,2,56,18,8,"L 1","L","H"
2016-10-13,"Pittsburgh Penguins",2,3,0,0,1,"L 1","SOL","A"
2016-10-15,"New York Islanders",2,1,1,0,1,"W 1","W","H"
2016-10-18,"Colorado Avalanche",3,0,2,0,1,"W 2","W","H"
2016-10-20,"Florida Panthers",4,2,3,0,1,"W 3","W","A"
2016-10-22,"New York Rangers",2,4,3,1,1,"L 1","L","H"
2016-10-26,"Edmonton Oilers",1,4,3,2,1,"L 2","L","A"
2016-10-29,"Vancouver Canucks",5,2,4,2,1,"W 1","W","A"
2016-10-30,"Calgary Flames",3,1,5,2,1,"W 2","W","A"
2016-11-01,"Winnipeg Jets",3,2,6,2,1,"W 3","W","A"
2016-11-03,"Winnipeg Jets",4,3,7,2,1,"W 4","OTW","H"
2016-11-05,"Florida Panthers",4,2,8,2,1,"W 5","W","H"
2016-11-08,"San Jose Sharks",0,3,8,3,1,"L 1","L","H"
2016-11-11,"Chicago Blackhawks",3,2,9,3,1,"W 1","OTW","A"
2016-11-12,"Carolina Hurricanes",1,5,9,4,1,"L 1","L","A"
2016-11-15,"Columbus Blue Jackets",1,2,9,4,2,"L 2","OTL","A"
2016-11-16,"Pittsburgh Penguins",7,1,10,4,2,"W 1","W","H"
2016-11-18,"Detroit Red Wings",1,0,11,4,2,"W 2","W","H"
2016-11-20,"Columbus Blue Jackets",2,3,11,5,2,"L 1","L","H"
2016-11-23,"St. Louis Blues",4,3,12,5,2,"W 1","W","H"
2016-11-25,"Buffalo Sabres",3,1,13,5,2,"W 2","W","H"
2016-11-26,"Toronto Maple Leafs",2,4,13,6,2,"L 1","L","A"
2016-12-01,"New York Islanders",0,3,13,7,2,"L 2","L","H"
2016-12-03,"Tampa Bay Lightning",1,2,13,7,3,"L 3","SOL","A"
2016-12-05,"Buffalo Sabres",3,2,14,7,3,"W 1","OTW","H"
2016-12-07,"Boston Bruins",4,3,15,7,3,"W 2","OTW","H"
2016-12-09,"Buffalo Sabres",4,1,16,7,3,"W 3","W","A"
2016-12-11,"Vancouver Canucks",3,0,17,7,3,"W 4","W","H"
2016-12-13,"New York Islanders",4,2,18,7,3,"W 5","W","A"
2016-12-16,"Carolina Hurricanes",4,3,19,7,3,"W 6","SOW","A"
2016-12-17,"Montreal Canadiens",1,2,19,8,3,"L 1","L","H"
2016-12-21,"Philadelphia Flyers",2,3,19,8,4,"L 2","SOL","A"
2016-12-23,"Tampa Bay Lightning",4,0,20,8,4,"W 1","W","H"
2016-12-27,"New York Islanders",3,4,20,9,4,"L 1","L","A"
2016-12-29,"New Jersey Devils",1,2,20,9,5,"L 2","SOL","H"
2016-12-31,"New Jersey Devils",6,2,21,9,5,"W 1","W","A"
2017-01-01,"Ottawa Senators",2,1,22,9,5,"W 2","W","H"
2017-01-03,"Toronto Maple Leafs",6,5,23,9,5,"W 3","OTW","H"
2017-01-05,"Columbus Blue Jackets",5,0,24,9,5,"W 4","W","H"
2017-01-07,"Ottawa Senators",1,0,25,9,5,"W 5","W","A"
2017-01-09,"Montreal Canadiens",4,1,26,9,5,"W 6","W","A"
2017-01-11,"Pittsburgh Penguins",5,2,27,9,5,"W 7","W","H"
2017-01-13,"Chicago Blackhawks",6,0,28,9,5,"W 8","W","H"
2017-01-15,"Philadelphia Flyers",5,0,29,9,5,"W 9","W","H"
2017-01-16,"Pittsburgh Penguins",7,8,29,9,6,"L 1","OTL","A"
2017-01-19,"St. Louis Blues",7,3,30,9,6,"W 1","W","A"
2017-01-21,"Dallas Stars",4,3,31,9,6,"W 2","OTW","A"
2017-01-23,"Carolina Hurricanes",6,1,32,9,6,"W 3","W","H"
2017-01-24,"Ottawa Senators",0,3,32,10,6,"L 1","L","A"
2017-01-26,"New Jersey Devils",5,2,33,10,6,"W 1","W","A"
2017-01-31,"New York Islanders",2,3,33,11,6,"L 1","L","A"
2017-02-01,"Boston Bruins",5,3,34,11,6,"W 1","W","H"
2017-02-04,"Montreal Canadiens",3,2,35,11,6,"W 2","W","A"
2017-02-05,"Los Angeles Kings",5,0,36,11,6,"W 3","W","H"
2017-02-07,"Carolina Hurricanes",5,0,37,11,6,"W 4","W","H"
2017-02-09,"Detroit Red Wings",6,3,38,11,6,"W 5","W","H"
2017-02-11,"Anaheim Ducks",6,4,39,11,6,"W 6","W","H"
2017-02-18,"Detroit Red Wings",2,3,39,11,7,"L 1","SOL","A"
2017-02-19,"New York Rangers",1,2,39,12,7,"L 2","L","A"
2017-02-22,"Philadelphia Flyers",4,1,40,12,7,"W 1","W","A"
2017-02-24,"Edmonton Oilers",2,1,41,12,7,"W 2","W","H"
2017-02-25,"Nashville Predators",2,5,41,13,7,"L 1","L","A"
2017-02-28,"New York Rangers",4,1,42,13,7,"W 1","W","A"
2017-03-02,"New Jersey Devils",1,0,43,13,7,"W 2","W","H"
2017-03-04,"Philadelphia Flyers",2,1,44,13,7,"W 3","OTW","H"
2017-03-06,"Dallas Stars",2,4,44,14,7,"L 1","L","H"
2017-03-09,"San Jose Sharks",2,4,44,15,7,"L 2","L","A"
2017-03-11,"Los Angeles Kings",2,4,44,16,7,"L 3","L","A"
2017-03-12,"Anaheim Ducks",2,5,44,17,7,"L 4","L","A"
2017-03-14,"Minnesota Wild",4,2,45,17,7,"W 1","W","H"
2017-03-16,"Nashville Predators",1,2,45,17,8,"L 1","OTL","H"
2017-03-18,"Tampa Bay Lightning",5,3,46,17,8,"W 1","W","A"
2017-03-21,"Calgary Flames",4,2,47,17,8,"W 2","W","H"
2017-03-23,"Columbus Blue Jackets",2,1,48,17,8,"W 3","SOW","H"
2017-03-25,"Arizona Coyotes",4,1,49,17,8,"W 4","W","H"
2017-03-28,"Minnesota Wild",5,4,50,17,8,"W 5","OTW","A"
2017-03-29,"Colorado Avalanche",5,3,51,17,8,"W 6","W","A"
2017-03-31,"Arizona Coyotes",3,6,51,18,8,"L 1","L","A"
2017-04-02,"Columbus Blue Jackets",3,2,52,18,8,"W 1","W","A"
2017-04-04,"Toronto Maple Leafs",4,1,53,18,8,"W 2","W","A"
2017-04-05,"New York Rangers",2,0,54,18,8,"W 3","W","H"
2017-04-08,"Boston Bruins",3,1,55,18,8,"W 4","W","A"
2017-04-09,"Florida Panthers",0,2,55,19,8,"L 1","L","H"
2017-10-05,"Ottawa Senators",5,4,1,0,0,"W 1","SOW","A"
2017-10-07,"Montreal Canadiens",6,1,2,0,0,"W 2","W","H"
2017-10-09,"Tampa Bay Lightning",3,4,2,0,1,"L 1","OTL","A"
2017-10-11,"Pittsburgh Penguins",2,3,2,1,1,"L 2","L","H"
2017-10-13,"New Jersey Devils",5,2,3,1,1,"W 1","W","A"
2017-10-14,"Philadelphia Flyers",2,8,3,2,1,"L 1","L","A"
2017-10-17,"Toronto Maple Leafs",0,2,3,3,1,"L 2","L","H"
2017-10-20,"Detroit Red Wings",4,3,4,3,1,"W 1","OTW","A"
2017-10-21,"Florida Panthers",1,4,4,4,1,"L 1","L","H"
2017-10-26,"Vancouver Canucks",2,6,4,5,1,"L 2","L","A"
2017-10-28,"Edmonton Oilers",5,2,5,5,1,"W 1","W","A"
2017-10-29,"Calgary Flames",1,2,5,6,1,"L 1","L","A"
2017-11-02,"New York Islanders",4,3,6,6,1,"W 1","W","H"
2017-11-04,"Boston Bruins",3,2,7,6,1,"W 2","W","A"
2017-11-06,"Arizona Coyotes",3,2,8,6,1,"W 3","OTW","H"
2017-11-07,"Buffalo Sabres",1,3,8,7,1,"L 1","L","A"
2017-11-10,"Pittsburgh Penguins",4,1,9,7,1,"W 1","W","H"
2017-11-12,"Edmonton Oilers",2,1,10,7,1,"W 2","SOW","H"
2017-11-14,"Nashville Predators",3,6,10,8,1,"L 1","L","A"
2017-11-16,"Colorado Avalanche",2,6,10,9,1,"L 2","L","A"
2017-11-18,"Minnesota Wild",3,1,11,9,1,"W 1","W","H"
2017-11-20,"Calgary Flames",1,4,11,10,1,"L 1","L","H"
2017-11-22,"Ottawa Senators",5,2,12,10,1,"W 1","W","H"
2017-11-24,"Tampa Bay Lightning",3,1,13,10,1,"W 2","W","H"
2017-11-25,"Toronto Maple Leafs",4,2,14,10,1,"W 3","W","A"
2017-11-30,"Los Angeles Kings",2,5,14,11,1,"L 1","L","H"
2017-12-02,"Columbus Blue Jackets",4,3,15,11,1,"W 1","W","H"
2017-12-04,"San Jose Sharks",4,1,16,11,1,"W 2","W","H"
2017-12-06,"Chicago Blackhawks",6,2,17,11,1,"W 3","W","H"
2017-12-08,"New York Rangers",4,2,18,11,1,"W 4","W","H"
2017-12-11,"New York Islanders",1,3,18,12,1,"L 1","L","A"
2017-12-12,"Colorado Avalanche",5,2,19,12,1,"W 1","W","H"
2017-12-14,"Boston Bruins",5,3,20,12,1,"W 2","W","A"
2017-12-16,"Anaheim Ducks",3,2,21,12,1,"W 3","OTW","H"
2017-12-19,"Dallas Stars",4,3,22,12,1,"W 4","OTW","A"
2017-12-22,"Arizona Coyotes",2,3,22,12,2,"L 1","OTL","A"
2017-12-23,"Vegas Golden Knights",0,3,22,13,2,"L 2","L","A"
2017-12-27,"New York Rangers",0,1,22,13,3,"L 3","SOL","A"
2017-12-28,"Boston Bruins",4,3,23,13,3,"W 1","SOW","H"
2017-12-30,"New Jersey Devils",5,2,24,13,3,"W 2","W","H"
2018-01-02,"Carolina Hurricanes",5,4,25,13,3,"W 3","OTW","A"
2018-01-07,"St. Louis Blues",4,3,26,13,3,"W 4","OTW","H"
2018-01-09,"Vancouver Canucks",3,1,27,13,3,"W 5","W","H"
2018-01-11,"Carolina Hurricanes",1,3,27,14,3,"L 1","L","H"
2018-01-12,"Carolina Hurricanes",4,3,28,14,3,"W 1","W","A"
2018-01-18,"New Jersey Devils",3,4,28,14,4,"L 1","OTL","A"
2018-01-19,"Montreal Canadiens",2,3,28,15,4,"L 2","L","H"
2018-01-21,"Philadelphia Flyers",1,2,28,15,5,"L 3","OTL","H"
2018-01-25,"Florida Panthers",4,2,29,15,5,"W 1","W","A"
2018-01-31,"Philadelphia Flyers",5,3,30,15,5,"W 2","W","H"
2018-02-02,"Pittsburgh Penguins",4,7,30,16,5,"L 1","L","A"
2018-02-04,"Vegas Golden Knights",3,4,30,17,5,"L 2","L","H"
2018-02-06,"Columbus Blue Jackets",3,2,31,17,5,"W 1","W","A"
2018-02-09,"Columbus Blue Jackets",4,2,32,17,5,"W 2","W","H"
2018-02-11,"Detroit Red Wings",4,5,32,17,6,"L 1","OTL","H"
2018-02-13,"Winnipeg Jets",3,4,32,17,7,"L 2","OTL","A"
2018-02-15,"Minnesota Wild",5,2,33,17,7,"W 1","W","A"
2018-02-17,"Chicago Blackhawks",1,7,33,18,7,"L 1","L","A"
2018-02-19,"Buffalo Sabres",3,2,34,18,7,"W 1","W","A"
2018-02-20,"Tampa Bay Lightning",2,4,34,19,7,"L 1","L","H"
2018-02-22,"Florida Panthers",2,3,34,20,7,"L 2","L","A"
2018-02-24,"Buffalo Sabres",5,1,35,20,7,"W 1","W","H"
2018-02-26,"Columbus Blue Jackets",1,5,35,21,7,"L 1","L","A"
2018-02-27,"Ottawa Senators",3,2,36,21,7,"W 1","W","H"
2018-03-03,"Toronto Maple Leafs",5,2,37,21,7,"W 2","W","H"
2018-03-06,"Anaheim Ducks",0,4,37,22,7,"L 1","L","A"
2018-03-08,"Los Angeles Kings",1,3,37,23,7,"L 2","L","A"
2018-03-10,"San Jose Sharks",2,0,38,23,7,"W 1","W","A"
2018-03-12,"Winnipeg Jets",3,2,39,23,7,"W 2","OTW","H"
2018-03-15,"New York Islanders",7,3,40,23,7,"W 3","W","A"
2018-03-16,"New York Islanders",6,3,41,23,7,"W 4","W","H"
2018-03-18,"Philadelphia Flyers",3,6,41,24,7,"L 1","L","A"
2018-03-20,"Dallas Stars",4,3,42,24,7,"W 1","W","H"
2018-03-22,"Detroit Red Wings",1,0,43,24,7,"W 2","W","A"
2018-03-24,"Montreal Canadiens",6,4,44,24,7,"W 3","W","A"
2018-03-26,"New York Rangers",4,2,45,24,7,"W 4","W","A"
2018-03-28,"New York Rangers",3,2,46,24,7,"W 5","OTW","H"
2018-03-30,"Carolina Hurricanes",1,4,46,25,7,"L 1","L","H"
2018-04-01,"Pittsburgh Penguins",3,1,47,25,7,"W 1","W","A"
2018-04-02,"St. Louis Blues",4,2,48,25,7,"W 2","W","A"
2018-04-05,"Nashville Predators",3,4,48,26,7,"L 1","L","H"
2018-04-07,"New Jersey Devils",5,3,49,26,7,"W 1","W","H"
2018-10-03,"Boston Bruins",7,0,1,0,0,"W 1","W","H"
2018-10-04,"Pittsburgh Penguins",6,7,1,0,1,"L 1","OTL","A"
2018-10-10,"Vegas Golden Knights",5,2,2,0,1,"W 1","W","H"
2018-10-11,"New Jersey Devils",0,6,2,1,1,"L 1","L","A"
2018-10-13,"Toronto Maple Leafs",2,4,2,2,1,"L 2","L","H"
2018-10-17,"New York Rangers",4,3,3,2,1,"W 1","OTW","H"
2018-10-19,"Florida Panthers",5,6,3,2,2,"L 1","SOL","H"
2018-10-22,"Vancouver Canucks",5,2,4,2,2,"W 1","W","A"
2018-10-25,"Edmonton Oilers",1,4,4,3,2,"L 1","L","A"
2018-10-27,"Calgary Flames",4,3,5,3,2,"W 1","SOW","A"
2018-11-01,"Montreal Canadiens",4,6,5,4,2,"L 1","L","A"
2018-11-03,"Dallas Stars",3,4,5,4,3,"L 2","OTL","H"
2018-11-05,"Edmonton Oilers",4,2,6,4,3,"W 1","W","H"
2018-11-07,"Pittsburgh Penguins",2,1,7,4,3,"W 2","W","H"
2018-11-09,"Columbus Blue Jackets",1,2,7,5,3,"L 1","L","H"
2018-11-11,"Arizona Coyotes",1,4,7,6,3,"L 2","L","H"
2018-11-13,"Minnesota Wild",5,2,8,6,3,"W 1","W","A"
2018-11-14,"Winnipeg Jets",1,3,8,7,3,"L 1","L","A"
2018-11-16,"Colorado Avalanche",3,2,9,7,3,"W 1","OTW","A"
2018-11-19,"Montreal Canadiens",5,4,10,7,3,"W 2","OTW","A"
2018-11-21,"Chicago Blackhawks",4,2,11,7,3,"W 3","W","H"
2018-11-23,"Detroit Red Wings",3,1,12,7,3,"W 4","W","H"
2018-11-24,"New York Rangers",5,3,13,7,3,"W 5","W","A"
2018-11-26,"New York Islanders",4,1,14,7,3,"W 6","W","A"
2018-11-30,"New Jersey Devils",6,3,15,7,3,"W 7","W","H"
2018-12-02,"Anaheim Ducks",5,6,15,8,3,"L 1","L","H"
2018-12-04,"Vegas Golden Knights",3,5,15,9,3,"L 2","L","A"
2018-12-06,"Arizona Coyotes",4,2,16,9,3,"W 1","W","A"
2018-12-08,"Columbus Blue Jackets",4,0,17,9,3,"W 2","W","A"
2018-12-11,"Detroit Red Wings",6,2,18,9,3,"W 3","W","H"
2018-12-14,"Carolina Hurricanes",6,5,19,9,3,"W 4","SOW","A"
2018-12-15,"Buffalo Sabres",4,3,20,9,3,"W 5","SOW","H"
2018-12-19,"Pittsburgh Penguins",1,2,20,10,3,"L 1","L","H"
2018-12-21,"Buffalo Sabres",2,1,21,10,3,"W 1","W","H"
2018-12-22,"Ottawa Senators",4,0,22,10,3,"W 2","W","A"
2018-12-27,"Carolina Hurricanes",3,1,23,10,3,"W 3","W","H"
2018-12-29,"Ottawa Senators",3,2,24,10,3,"W 4","W","A"
2018-12-31,"Nashville Predators",3,6,24,11,3,"L 1","L","H"
2019-01-03,"St. Louis Blues",2,5,24,12,3,"L 2","L","A"
2019-01-04,"Dallas Stars",1,2,24,12,4,"L 3","OTL","A"
2019-01-06,"Detroit Red Wings",3,2,25,12,4,"W 1","W","A"
2019-01-08,"Philadelphia Flyers",5,3,26,12,4,"W 2","W","H"
2019-01-10,"Boston Bruins",4,2,27,12,4,"W 3","W","A"
2019-01-12,"Columbus Blue Jackets",1,2,27,12,5,"L 1","OTL","H"
2019-01-14,"St. Louis Blues",1,4,27,13,5,"L 2","L","H"
2019-01-15,"Nashville Predators",2,7,27,14,5,"L 3","L","A"
2019-01-18,"New York Islanders",0,2,27,15,5,"L 4","L","H"
2019-01-20,"Chicago Blackhawks",5,8,27,16,5,"L 5","L","A"
2019-01-22,"San Jose Sharks",6,7,27,16,6,"L 6","OTL","H"
2019-01-23,"Toronto Maple Leafs",3,6,27,17,6,"L 7","L","A"
2019-02-01,"Calgary Flames",4,3,28,17,6,"W 1","W","H"
2019-02-03,"Boston Bruins",0,1,28,18,6,"L 1","L","H"
2019-02-05,"Vancouver Canucks",3,2,29,18,6,"W 1","W","H"
2019-02-07,"Colorado Avalanche",4,3,30,18,6,"W 2","OTW","H"
2019-02-09,"Florida Panthers",4,5,30,18,7,"L 1","OTL","H"
2019-02-11,"Los Angeles Kings",6,4,31,18,7,"W 1","W","H"
2019-02-12,"Columbus Blue Jackets",0,3,31,19,7,"L 1","L","A"
2019-02-14,"San Jose Sharks",5,1,32,19,7,"W 1","W","A"
2019-02-17,"Anaheim Ducks",2,5,32,20,7,"L 1","L","A"
2019-02-18,"Los Angeles Kings",3,2,33,20,7,"W 1","W","A"
2019-02-21,"Toronto Maple Leafs",3,2,34,20,7,"W 2","W","A"
2019-02-23,"Buffalo Sabres",2,5,34,21,7,"L 1","L","A"
2019-02-24,"New York Rangers",6,5,35,21,7,"W 1","OTW","H"
2019-02-26,"Ottawa Senators",7,2,36,21,7,"W 2","W","H"
2019-03-01,"New York Islanders",3,1,37,21,7,"W 3","W","A"
2019-03-03,"New York Rangers",3,2,38,21,7,"W 4","SOW","A"
2019-03-06,"Philadelphia Flyers",5,3,39,21,7,"W 5","W","A"
2019-03-08,"New Jersey Devils",3,0,40,21,7,"W 6","W","H"
2019-03-10,"Winnipeg Jets",3,1,41,21,7,"W 7","W","H"
2019-03-12,"Pittsburgh Penguins",3,5,41,22,7,"L 1","L","A"
2019-03-14,"Philadelphia Flyers",5,2,42,22,7,"W 1","W","A"
2019-03-16,"Tampa Bay Lightning",3,6,42,23,7,"L 1","L","A"
2019-03-19,"New Jersey Devils",4,1,43,23,7,"W 1","W","A"
2019-03-20,"Tampa Bay Lightning",4,5,43,23,8,"L 1","OTL","H"
2019-03-22,"Minnesota Wild",1,2,43,24,8,"L 2","L","H"
2019-03-24,"Philadelphia Flyers",3,1,44,24,8,"W 1","W","H"
2019-03-26,"Carolina Hurricanes",4,1,45,24,8,"W 2","W","H"
2019-03-28,"Carolina Hurricanes",3,2,46,24,8,"W 3","W","A"
2019-03-30,"Tampa Bay Lightning",6,3,47,24,8,"W 4","W","A"
2019-04-01,"Florida Panthers",3,5,47,25,8,"L 1","L","A"
2019-04-04,"Montreal Canadiens",2,1,48,25,8,"W 1","W","H"
2019-04-06,"New York Islanders",0,3,48,26,8,"L 1","L","H"
2019-10-02,"St. Louis Blues",3,2,1,0,0,"W 1","OTW","A"
2019-10-04,"New York Islanders",2,1,2,0,0,"W 2","W","A"
2019-10-05,"Carolina Hurricanes",2,3,2,0,1,"L 1","OTL","H"
2019-10-08,"Dallas Stars",3,4,2,0,2,"L 2","OTL","H"
2019-10-10,"Nashville Predators",5,6,2,1,2,"L 3","L","A"
2019-10-12,"Dallas Stars",4,1,3,1,2,"W 1","W","A"
2019-10-14,"Colorado Avalanche",3,6,3,2,2,"L 1","L","H"
2019-10-16,"Toronto Maple Leafs",4,3,4,2,2,"W 1","W","H"
2019-10-18,"New York Rangers",5,2,5,2,2,"W 2","W","H"
2019-10-20,"Chicago Blackhawks",5,3,6,2,2,"W 3","W","A"
2019-10-22,"Calgary Flames",5,3,7,2,2,"W 4","W","A"
2019-10-24,"Edmonton Oilers",3,4,7,2,3,"L 1","OTL","A"
2019-10-25,"Vancouver Canucks",6,5,8,2,3,"W 1","SOW","A"
2019-10-29,"Toronto Maple Leafs",4,3,9,2,3,"W 2","OTW","A"
2019-11-01,"Buffalo Sabres",6,1,10,2,3,"W 3","W","H"
2019-11-03,"Calgary Flames",4,2,11,2,3,"W 4","W","H"
2019-11-07,"Florida Panthers",5,4,12,2,3,"W 5","OTW","A"
2019-11-09,"Vegas Golden Knights",5,2,13,2,3,"W 6","W","H"
2019-11-11,"Arizona Coyotes",3,4,13,2,4,"L 1","SOL","H"
2019-11-13,"Philadelphia Flyers",2,1,14,2,4,"W 1","SOW","A"
2019-11-15,"Montreal Canadiens",2,5,14,3,4,"L 1","L","H"
2019-11-16,"Boston Bruins",3,2,15,3,4,"W 1","SOW","A"
2019-11-18,"Anaheim Ducks",5,2,16,3,4,"W 2","W","H"
2019-11-20,"New York Rangers",1,4,16,4,4,"L 1","L","A"
2019-11-23,"Vancouver Canucks",1,2,16,4,5,"L 2","SOL","H"
2019-11-27,"Florida Panthers",4,3,17,4,5,"W 1","W","H"
2019-11-29,"Tampa Bay Lightning",4,3,18,4,5,"W 2","OTW","H"
2019-11-30,"Detroit Red Wings",5,2,19,4,5,"W 3","W","A"
2019-12-03,"San Jose Sharks",5,2,20,4,5,"W 4","W","A"
2019-12-04,"Los Angeles Kings",3,1,21,4,5,"W 5","W","A"
2019-12-06,"Anaheim Ducks",3,2,22,4,5,"W 6","W","A"
2019-12-09,"Columbus Blue Jackets",2,5,22,5,5,"L 1","L","H"
2019-12-11,"Boston Bruins",3,2,23,5,5,"W 1","W","H"
2019-12-14,"Tampa Bay Lightning",5,2,24,5,5,"W 2","W","A"
2019-12-16,"Columbus Blue Jackets",0,3,24,6,5,"L 1","L","A"
2019-12-20,"New Jersey Devils",6,3,25,6,5,"W 1","W","A"
2019-12-21,"Tampa Bay Lightning",3,1,26,6,5,"W 2","W","H"
2019-12-23,"Boston Bruins",3,7,26,7,5,"L 1","L","A"
2019-12-27,"Columbus Blue Jackets",2,1,27,7,5,"W 1","OTW","H"
2019-12-28,"Carolina Hurricanes",4,6,27,8,5,"L 1","L","A"
2019-12-31,"New York Islanders",3,4,27,9,5,"L 2","L","H"
2020-01-03,"Carolina Hurricanes",4,3,28,9,5,"W 1","W","A"
2020-01-05,"San Jose Sharks",5,4,29,9,5,"W 2","OTW","H"
2020-01-07,"Ottawa Senators",6,1,30,9,5,"W 3","W","H"
2020-01-08,"Philadelphia Flyers",2,3,30,10,5,"L 1","L","A"
2020-01-11,"New Jersey Devils",1,5,30,11,5,"L 2","L","H"
2020-01-13,"Carolina Hurricanes",2,0,31,11,5,"W 1","W","H"
2020-01-16,"New Jersey Devils",5,2,32,11,5,"W 2","W","H"
2020-01-18,"New York Islanders",6,4,33,11,5,"W 3","W","A"
2020-01-27,"Montreal Canadiens",4,2,34,11,5,"W 4","W","A"
2020-01-29,"Nashville Predators",4,5,34,12,5,"L 1","L","H"
2020-01-31,"Ottawa Senators",5,3,35,12,5,"W 1","W","A"
2020-02-02,"Pittsburgh Penguins",3,4,35,13,5,"L 1","L","H"
2020-02-04,"Los Angeles Kings",4,2,36,13,5,"W 1","W","H"
2020-02-08,"Philadelphia Flyers",2,7,36,14,5,"L 1","L","H"
2020-02-10,"New York Islanders",3,5,36,15,5,"L 2","L","H"
2020-02-13,"Colorado Avalanche",3,2,37,15,5,"W 1","W","A"
2020-02-15,"Arizona Coyotes",1,3,37,16,5,"L 1","L","A"
2020-02-17,"Vegas Golden Knights",2,3,37,17,5,"L 2","L","A"
2020-02-20,"Montreal Canadiens",3,4,37,17,6,"L 3","OTL","H"
2020-02-22,"New Jersey Devils",2,3,37,18,6,"L 4","L","A"
2020-02-23,"Pittsburgh Penguins",5,3,38,18,6,"W 1","W","H"
2020-02-25,"Winnipeg Jets",4,3,39,18,6,"W 2","SOW","H"
2020-02-27,"Winnipeg Jets",0,3,39,19,6,"L 1","L","A"
2020-03-01,"Minnesota Wild",4,3,40,19,6,"W 1","W","A"
2020-03-04,"Philadelphia Flyers",2,5,40,20,6,"L 1","L","H"
2020-03-05,"New York Rangers",5,6,40,20,7,"L 2","OTL","A"
2020-03-07,"Pittsburgh Penguins",5,2,41,20,7,"W 1","W","A"
2020-03-09,"Buffalo Sabres",2,3,41,20,8,"L 1","SOL","A"
2021-01-14,"Buffalo Sabres",6,4,1,0,0,"W 1","W","A"
2021-01-15,"Buffalo Sabres",2,1,2,0,0,"W 2","W","A"
2021-01-17,"Pittsburgh Penguins",3,4,2,0,1,"L 1","SOL","A"
2021-01-19,"Pittsburgh Penguins",4,5,2,0,2,"L 2","OTL","A"
2021-01-22,"Buffalo Sabres",4,3,3,0,2,"W 1","SOW","H"
2021-01-24,"Buffalo Sabres",3,4,3,0,3,"L 1","SOL","H"
2021-01-26,"New York Islanders",3,2,4,0,3,"W 1","W","H"
2021-01-28,"New York Islanders",6,3,5,0,3,"W 2","W","H"
2021-01-30,"Boston Bruins",4,3,6,0,3,"W 3","OTW","H"
2021-02-01,"Boston Bruins",3,5,6,1,3,"L 1","L","H"
2021-02-04,"New York Rangers",2,4,6,2,3,"L 2","L","A"
2021-02-07,"Philadelphia Flyers",4,7,6,3,3,"L 3","L","H"
2021-02-14,"Pittsburgh Penguins",3,6,6,4,3,"L 4","L","A"
2021-02-16,"Pittsburgh Penguins",3,1,7,4,3,"W 1","W","A"
2021-02-18,"Buffalo Sabres",3,1,8,4,3,"W 2","W","H"
2021-02-20,"New York Rangers",1,4,8,5,3,"L 1","L","H"
2021-02-21,"New Jersey Devils",4,3,9,5,3,"W 1","W","H"
2021-02-23,"Pittsburgh Penguins",2,3,9,5,4,"L 1","OTL","H"
2021-02-25,"Pittsburgh Penguins",5,2,10,5,4,"W 1","W","H"
2021-02-27,"New Jersey Devils",5,2,11,5,4,"W 2","W","A"
2021-02-28,"New Jersey Devils",3,2,12,5,4,"W 3","W","A"
2021-03-03,"Boston Bruins",2,1,13,5,4,"W 4","SOW","A"
2021-03-05,"Boston Bruins",1,5,13,6,4,"L 1","L","A"
2021-03-07,"Philadelphia Flyers",3,1,14,6,4,"W 1","W","A"
2021-03-09,"New Jersey Devils",5,4,15,6,4,"W 2","OTW","H"
2021-03-11,"Philadelphia Flyers",5,3,16,6,4,"W 3","W","A"
2021-03-13,"Philadelphia Flyers",5,4,17,6,4,"W 4","W","A"
2021-03-15,"Buffalo Sabres",6,0,18,6,4,"W 5","W","A"
2021-03-16,"New York Islanders",3,1,19,6,4,"W 6","W","H"
2021-03-19,"New York Rangers",2,1,20,6,4,"W 7","W","H"
2021-03-20,"New York Rangers",1,3,20,7,4,"L 1","L","H"
2021-03-25,"New Jersey Devils",4,3,21,7,4,"W 1","W","H"
2021-03-26,"New Jersey Devils",4,0,22,7,4,"W 2","W","H"
2021-03-28,"New York Rangers",5,4,23,7,4,"W 3","W","H"
2021-03-30,"New York Rangers",2,5,23,8,4,"L 1","L","A"
2021-04-01,"New York Islanders",4,8,23,9,4,"L 2","L","A"
2021-04-02,"New Jersey Devils",2,1,24,9,4,"W 1","OTW","A"
2021-04-04,"New Jersey Devils",5,4,25,9,4,"W 2","W","A"
2021-04-06,"New York Islanders",0,1,25,10,4,"L 1","L","A"
2021-04-08,"Boston Bruins",2,4,25,11,4,"L 2","L","H"
2021-04-09,"Buffalo Sabres",4,3,26,11,4,"W 1","W","A"
2021-04-11,"Boston Bruins",8,1,27,11,4,"W 2","W","A"
2021-04-13,"Philadelphia Flyers",6,1,28,11,4,"W 3","W","H"
2021-04-15,"Buffalo Sabres",2,5,28,12,4,"L 1","L","H"
2021-04-17,"Philadelphia Flyers",6,3,29,12,4,"W 1","W","A"
2021-04-18,"Boston Bruins",3,6,29,13,4,"L 1","L","A"
2021-04-22,"New York Islanders",1,0,30,13,4,"W 1","SOW","A"
2021-04-24,"New York Islanders",6,3,31,13,4,"W 2","W","A"
2021-04-27,"New York Islanders",1,0,32,13,4,"W 3","W","H"
2021-04-29,"Pittsburgh Penguins",4,5,32,13,5,"L 1","OTL","H"
2021-05-01,"Pittsburgh Penguins",0,3,32,14,5,"L 2","L","H"
2021-05-03,"New York Rangers",6,3,33,14,5,"W 1","W","A"
2021-05-05,"New York Rangers",4,2,34,14,5,"W 2","W","A"
2021-05-07,"Philadelphia Flyers",2,4,34,15,5,"L 1","L","H"
2021-05-08,"Philadelphia Flyers",2,1,35,15,5,"W 1","OTW","H"
2021-05-11,"Boston Bruins",2,1,36,15,5,"W 2","W","H"
2021-10-13,"New York Rangers",5,1,1,0,0,"W 1","W","H"
2021-10-16,"Tampa Bay Lightning",1,2,1,0,1,"L 1","OTL","H"
2021-10-19,"Colorado Avalanche",6,3,2,0,1,"W 1","W","H"
2021-10-21,"New Jersey Devils",4,1,3,0,1,"W 2","W","A"
2021-10-23,"Calgary Flames",3,4,3,0,2,"L 1","OTL","H"
2021-10-25,"Ottawa Senators",7,5,4,0,2,"W 1","W","A"
2021-10-27,"Detroit Red Wings",2,3,4,0,3,"L 1","OTL","H"
2021-10-29,"Arizona Coyotes",2,0,5,0,3,"W 1","W","H"
2021-11-01,"Tampa Bay Lightning",2,3,5,1,3,"L 1","L","A"
2021-11-04,"Florida Panthers",4,5,5,1,4,"L 2","OTL","A"
2021-11-06,"Philadelphia Flyers",1,2,5,2,4,"L 3","L","H"
2021-11-08,"Buffalo Sabres",5,3,6,2,4,"W 1","W","H"
2021-11-11,"Detroit Red Wings",2,0,7,2,4,"W 2","W","A"
2021-11-12,"Columbus Blue Jackets",4,3,8,2,4,"W 3","W","A"
2021-11-14,"Pittsburgh Penguins",6,1,9,2,4,"W 4","W","H"
2021-11-16,"Anaheim Ducks",2,3,9,2,5,"L 1","OTL","A"
2021-11-17,"Los Angeles Kings",2,0,10,2,5,"W 1","W","A"
2021-11-20,"San Jose Sharks",4,0,11,2,5,"W 2","W","A"
2021-11-21,"Seattle Kraken",2,5,11,3,5,"L 1","L","A"
2021-11-24,"Montreal Canadiens",6,3,12,3,5,"W 1","W","H"
2021-11-26,"Florida Panthers",4,3,13,3,5,"W 2","W","H"
2021-11-28,"Carolina Hurricanes",4,2,14,3,5,"W 3","W","A"
2021-11-30,"Florida Panthers",4,5,14,4,5,"L 1","L","A"
2021-12-02,"Chicago Blackhawks",3,4,14,4,6,"L 2","SOL","H"
2021-12-04,"Columbus Blue Jackets",3,1,15,4,6,"W 1","W","H"
2021-12-06,"Anaheim Ducks",4,3,16,4,6,"W 2","SOW","H"
2021-12-10,"Pittsburgh Penguins",2,4,16,5,6,"L 1","L","H"
2021-12-11,"Buffalo Sabres",3,2,17,5,6,"W 1","SOW","A"
2021-12-15,"Chicago Blackhawks",4,5,17,5,7,"L 1","OTL","A"
2021-12-17,"Winnipeg Jets",5,2,18,5,7,"W 1","W","A"
2021-12-19,"Los Angeles Kings",2,3,18,6,7,"L 1","L","H"
2021-12-29,"Nashville Predators",5,3,19,6,7,"W 1","W","H"
2021-12-31,"Detroit Red Wings",3,1,20,6,7,"W 2","W","A"
2022-01-02,"New Jersey Devils",3,4,20,6,8,"L 1","OTL","H"
2022-01-07,"St. Louis Blues",1,5,20,7,8,"L 2","L","A"
2022-01-08,"Minnesota Wild",2,3,20,7,9,"L 3","SOL","A"
2022-01-10,"Boston Bruins",3,7,20,8,9,"L 4","L","H"
2022-01-15,"New York Islanders",2,0,21,8,9,"W 1","W","A"
2022-01-16,"Vancouver Canucks",2,4,21,9,9,"L 1","L","H"
2022-01-18,"Winnipeg Jets",4,3,22,9,9,"W 1","OTW","H"
2022-01-20,"Boston Bruins",3,4,22,10,9,"L 1","L","A"
2022-01-22,"Ottawa Senators",3,2,23,10,9,"W 1","OTW","H"
2022-01-24,"Vegas Golden Knights",0,1,23,11,9,"L 1","L","H"
2022-01-26,"San Jose Sharks",1,4,23,12,9,"L 2","L","H"
2022-01-28,"Dallas Stars",5,0,24,12,9,"W 1","W","A"
2022-02-01,"Pittsburgh Penguins",4,3,25,12,9,"W 2","OTW","A"
2022-02-02,"Edmonton Oilers",3,5,25,13,9,"L 1","L","H"
2022-02-08,"Columbus Blue Jackets",4,5,25,14,9,"L 2","L","H"
2022-02-10,"Montreal Canadiens",5,2,26,14,9,"W 1","W","A"
2022-02-13,"Ottawa Senators",1,4,26,15,9,"L 1","L","H"
2022-02-15,"Nashville Predators",4,1,27,15,9,"W 1","W","A"
2022-02-17,"Philadelphia Flyers",5,3,28,15,9,"W 2","W","A"
2022-02-24,"New York Rangers",1,4,28,16,9,"L 1","L","A"
2022-02-26,"Philadelphia Flyers",1,2,28,17,9,"L 2","L","A"
2022-02-28,"Toronto Maple Leafs",3,5,28,18,9,"L 3","L","H"
2022-03-03,"Carolina Hurricanes",4,0,29,18,9,"W 1","W","H"
2022-03-05,"Seattle Kraken",5,2,30,18,9,"W 2","W","H"
2022-03-08,"Calgary Flames",5,4,31,18,9,"W 3","W","A"
2022-03-09,"Edmonton Oilers",3,4,31,18,10,"L 1","OTL","A"
2022-03-11,"Vancouver Canucks",4,3,32,18,10,"W 1","OTW","A"
2022-03-15,"New York Islanders",4,3,33,18,10,"W 2","SOW","H"
2022-03-17,"Columbus Blue Jackets",7,2,34,18,10,"W 3","W","A"
2022-03-18,"Carolina Hurricanes",4,3,35,18,10,"W 4","SOW","A"
2022-03-20,"Dallas Stars",2,3,35,19,10,"L 1","L","H"
2022-03-22,"St. Louis Blues",2,5,35,20,10,"L 2","L","H"
2022-03-25,"Buffalo Sabres",4,3,36,20,10,"W 1","SOW","A"
2022-03-26,"New Jersey Devils",4,3,37,20,10,"W 2","W","H"
2022-03-28,"Carolina Hurricanes",1,6,37,21,10,"L 1","L","H"
2022-04-03,"Minnesota Wild",1,5,37,22,10,"L 2","L","H"
2022-04-06,"Tampa Bay Lightning",4,3,38,22,10,"W 1","W","H"
2022-04-09,"Pittsburgh Penguins",6,3,39,22,10,"W 2","W","A"
2022-04-10,"Boston Bruins",4,2,40,22,10,"W 3","W","H"
2022-04-12,"Philadelphia Flyers",9,2,41,22,10,"W 4","W","H"
2022-04-14,"Toronto Maple Leafs",3,7,41,23,10,"L 1","L","A"
2022-04-16,"Montreal Canadiens",8,4,42,23,10,"W 1","W","A"
2022-04-18,"Colorado Avalanche",3,2,43,23,10,"W 2","W","A"
2022-04-20,"Vegas Golden Knights",3,4,43,23,11,"L 1","OTL","A"
2022-04-22,"Arizona Coyotes",2,0,44,23,11,"W 1","W","A"
2022-04-24,"Toronto Maple Leafs",3,4,44,23,12,"L 1","SOL","H"
2022-04-26,"New York Islanders",1,4,44,24,12,"L 2","L","H"
2022-04-28,"New York Islanders",1,5,44,25,12,"L 3","L","A"
2022-04-29,"New York Rangers",2,3,44,26,12,"L 4","L","A"
2022-10-12,"Boston Bruins",2,5,0,1,0,"L 1","L","H"
2022-10-13,"Toronto Maple Leafs",2,3,0,2,0,"L 2","L","A"
2022-10-15,"Montreal Canadiens",3,1,1,2,0,"W 1","W","H"
2022-10-17,"Vancouver Canucks",6,4,2,2,0,"W 2","W","H"
2022-10-20,"Ottawa Senators",2,5,2,3,0,"L 1","L","A"
2022-10-22,"Los Angeles Kings",4,3,3,3,0,"W 1","W","H"
2022-10-24,"New Jersey Devils",6,3,4,3,0,"W 2","W","A"
2022-10-27,"Dallas Stars",0,2,4,4,0,"L 1","L","A"
2022-10-29,"Nashville Predators",3,0,5,4,0,"W 1","W","A"
2022-10-31,"Carolina Hurricanes",2,3,5,4,1,"L 1","SOL","A"
2022-11-01,"Vegas Golden Knights",2,3,5,4,2,"L 2","OTL","H"
2022-11-03,"Detroit Red Wings",1,3,5,5,2,"L 3","L","A"
2022-11-05,"Arizona Coyotes",2,3,5,6,2,"L 4","L","H"
2022-11-07,"Edmonton Oilers",5,4,6,6,2,"W 1","W","H"
2022-11-09,"Pittsburgh Penguins",1,4,6,7,2,"L 1","L","H"
2022-11-11,"Tampa Bay Lightning",5,1,7,7,2,"W 1","W","H"
2022-11-13,"Tampa Bay Lightning",3,6,7,8,2,"L 1","L","A"
2022-11-15,"Florida Panthers",2,5,7,9,2,"L 2","L","A"
2022-11-17,"St. Louis Blues",4,5,7,9,3,"L 3","SOL","A"
2022-11-19,"Colorado Avalanche",0,4,7,10,3,"L 4","L","H"
2022-11-23,"Philadelphia Flyers",3,2,8,10,3,"W 1","OTW","H"
2022-11-25,"Calgary Flames",3,0,9,10,3,"W 2","W","H"
2022-11-26,"New Jersey Devils",1,5,9,11,3,"L 1","L","A"
2022-11-29,"Vancouver Canucks",5,1,10,11,3,"W 1","W","A"
2022-12-01,"Seattle Kraken",2,3,10,11,4,"L 1","OTL","A"
2022-12-03,"Calgary Flames",2,5,10,12,4,"L 2","L","A"
2022-12-05,"Edmonton Oilers",3,2,11,12,4,"W 1","W","A"
2022-12-07,"Philadelphia Flyers",4,1,12,12,4,"W 2","W","A"
2022-12-09,"Seattle Kraken",4,1,13,12,4,"W 3","W","H"
2022-12-11,"Winnipeg Jets",5,2,14,12,4,"W 4","W","A"
2022-12-13,"Chicago Blackhawks",7,3,15,12,4,"W 5","W","A"
2022-12-15,"Dallas Stars",1,2,15,13,4,"L 1","L","H"
2022-12-17,"Toronto Maple Leafs",5,2,16,13,4,"W 1","W","H"
2022-12-19,"Detroit Red Wings",4,3,17,13,4,"W 2","OTW","H"
2022-12-22,"Ottawa Senators",3,2,18,13,4,"W 3","OTW","A"
2022-12-23,"Winnipeg Jets",4,1,19,13,4,"W 4","W","H"
2022-12-27,"New York Rangers",4,0,20,13,4,"W 5","W","A"
2022-12-29,"Ottawa Senators",3,4,20,13,5,"L 1","OTL","H"
2022-12-31,"Montreal Canadiens",9,2,21,13,5,"W 1","W","H"
2023-01-03,"Buffalo Sabres",4,5,21,13,6,"L 1","OTL","H"
2023-01-05,"Columbus Blue Jackets",6,2,22,13,6,"W 1","W","A"
2023-01-06,"Nashville Predators",2,3,22,14,6,"L 1","L","H"
2023-01-08,"Columbus Blue Jackets",1,0,23,14,6,"W 1","W","H"
2023-01-11,"Philadelphia Flyers",3,5,23,15,6,"L 1","L","A"
2023-01-14,"Philadelphia Flyers",1,3,23,16,6,"L 2","L","H"
2023-01-16,"New York Islanders",4,3,24,16,6,"W 1","OTW","A"
2023-01-17,"Minnesota Wild",2,4,24,17,6,"L 1","L","H"
2023-01-19,"Arizona Coyotes",4,0,25,17,6,"W 1","W","A"
2023-01-21,"Vegas Golden Knights",2,6,25,18,6,"L 1","L","A"
2023-01-24,"Colorado Avalanche",2,3,25,19,6,"L 2","L","A"
2023-01-26,"Pittsburgh Penguins",3,2,26,19,6,"W 1","SOW","H"
2023-01-29,"Toronto Maple Leafs",1,5,26,20,6,"L 1","L","A"
2023-01-31,"Columbus Blue Jackets",4,3,27,20,6,"W 1","OTW","A"
2023-02-11,"Boston Bruins",2,1,28,20,6,"W 2","W","A"
2023-02-12,"San Jose Sharks",1,4,28,21,6,"L 1","L","H"
2023-02-14,"Carolina Hurricanes",2,3,28,22,6,"L 2","L","H"
2023-02-16,"Florida Panthers",3,6,28,23,6,"L 3","L","H"
2023-02-18,"Carolina Hurricanes",1,4,28,24,6,"L 4","L","A"
2023-02-21,"Detroit Red Wings",1,3,28,25,6,"L 5","L","H"
2023-02-23,"Anaheim Ducks",2,4,28,26,6,"L 6","L","H"
2023-02-25,"New York Rangers",6,3,29,26,6,"W 1","W","H"
2023-02-26,"Buffalo Sabres",4,7,29,27,6,"L 1","L","A"
2023-03-01,"Anaheim Ducks",3,2,30,27,6,"W 1","OTW","A"
2023-03-04,"San Jose Sharks",8,3,31,27,6,"W 2","W","A"
2023-03-06,"Los Angeles Kings",2,4,31,28,6,"L 1","L","A"
2023-03-09,"New Jersey Devils",2,3,31,28,7,"L 2","SOL","H"
2023-03-11,"New York Islanders",5,1,32,28,7,"W 1","W","A"
2023-03-14,"New York Rangers",3,5,32,29,7,"L 1","L","A"
2023-03-15,"Buffalo Sabres",5,4,33,29,7,"W 1","SOW","H"
2023-03-17,"St. Louis Blues",2,5,33,30,7,"L 1","L","H"
2023-03-19,"Minnesota Wild",3,5,33,31,7,"L 2","L","A"
2023-03-21,"Columbus Blue Jackets",6,7,33,31,8,"L 3","OTL","H"
2023-03-23,"Chicago Blackhawks",6,1,34,31,8,"W 1","W","H"
2023-03-25,"Pittsburgh Penguins",3,4,34,32,8,"L 1","L","A"
2023-03-29,"New York Islanders",1,2,34,32,9,"L 2","SOL","H"
2023-03-30,"Tampa Bay Lightning",1,5,34,33,9,"L 3","L","A"
2023-04-02,"New York Rangers",2,5,34,34,9,"L 4","L","H"
2023-04-06,"Montreal Canadiens",2,6,34,35,9,"L 5","L","A"